URL Path,View Function,URL Name,Security Status,Security Details,Decorators,Role/Feature Requirements,File Location,Line Number,View Type,Curl Status,Curl Details
<uuid:pk>/,TicketDetailView,ticket_detail,LOGIN_REQUIRED,Protected with login,"method_decorator, MethodDecorator:login_required",Any authenticated user,ticketing\views\ticket_views.py,283,class,PROTECTED,Returns HTTP 403 (Forbidden)
<uuid:pk>/assign/,assign_ticket,ticket_assign,LOGIN_REQUIRED,Protected with login,login_required,Any authenticated user,ticketing\views\ticket_views.py,559,function,PROTECTED,Returns HTTP 403 (Forbidden)
<uuid:pk>/attachment/,upload_attachment,ticket_attachment_upload,LOGIN_REQUIRED,Protected with login,login_required,Any authenticated user,ticketing\views\ticket_views.py,721,function,PROTECTED,Returns HTTP 403 (Forbidden)
<uuid:pk>/attachment/<int:attachment_id>/delete/,delete_attachment,ticket_attachment_delete,LOGIN_REQUIRED,Protected with login,login_required,Any authenticated user,ticketing\views\ticket_views.py,832,function,PROTECTED,Returns HTTP 403 (Forbidden)
<uuid:pk>/close/,close_ticket,ticket_close,LOGIN_REQUIRED,Protected with login,login_required,Any authenticated user,ticketing\views\ticket_views.py,606,function,PROTECTED,Returns HTTP 403 (Forbidden)
<uuid:pk>/comment/,add_comment,ticket_comment,LOGIN_REQUIRED,Protected with login,login_required,Any authenticated user,ticketing\views\ticket_views.py,465,function,PROTECTED,Returns HTTP 403 (Forbidden)
<uuid:pk>/delete/,delete_ticket,ticket_delete,LOGIN_REQUIRED,Protected with login,login_required,Any authenticated user,ticketing\views\ticket_views.py,877,function,PROTECTED,Returns HTTP 403 (Forbidden)
<uuid:pk>/edit/,TicketUpdateView,ticket_edit,LOGIN_REQUIRED,Protected with login,"method_decorator, method_decorator, MethodDecorator:login_required",Any authenticated user,ticketing\views\ticket_views.py,357,class,PROTECTED,Returns HTTP 403 (Forbidden)
<uuid:pk>/reopen/,reopen_ticket,ticket_reopen,LOGIN_REQUIRED,Protected with login,login_required,Any authenticated user,ticketing\views\ticket_views.py,684,function,PROTECTED,Returns HTTP 403 (Forbidden)
<uuid:pk>/status-change/,change_ticket_status,ticket_status_change,LOGIN_REQUIRED,Protected with login,login_required,Any authenticated user,ticketing\views\ticket_views.py,502,function,PROTECTED,Returns HTTP 403 (Forbidden)
<uuid:pk>/watchers/,update_watchers,ticket_update_watchers,LOGIN_REQUIRED,Protected with login,login_required,Any authenticated user,ticketing\views\ticket_views.py,938,function,PROTECTED,Returns HTTP 403 (Forbidden)
admin/,ticketing_admin_view,ticketing_admin,LOGIN_REQUIRED,Protected with login,login_required,Any authenticated user,ticketing\views\admin_views.py,20,function,PROTECTED,Returns HTTP 403 (Forbidden)
admin/blocked-ips/,blocked_ips_view,blocked_ips,ROLE_BASED,Protected with role/feature permissions,"login_required, user_passes_test",Admin role required (user_passes_test),api\admin_views.py,546,function,PROTECTED,Returns HTTP 403 (Forbidden)
admin/config/,api_config_dashboard,api_config_dashboard,ROLE_BASED,Protected with role/feature permissions,"login_required, user_passes_test",Admin role required (user_passes_test),api\admin_views.py,37,function,PROTECTED,Returns HTTP 403 (Forbidden)
admin/delete-user/<int:api_user_id>/,delete_api_user,delete_api_user,ROLE_BASED,Protected with role/feature permissions,"login_required, user_passes_test, require_http_methods, csrf_exempt",Admin role required (user_passes_test),api\admin_views.py,375,function,PROTECTED,Returns HTTP 403 (Forbidden)
admin/generate-key/,generate_key_for_user,generate_key_for_user,ROLE_BASED,Protected with role/feature permissions,"login_required, user_passes_test",Admin role required (user_passes_test),api\admin_views.py,194,function,PROTECTED,Returns HTTP 403 (Forbidden)
admin/get-table-columns/,get_table_columns,get_table_columns,ROLE_BASED,Protected with role/feature permissions,"login_required, user_passes_test",Admin role required (user_passes_test),api\admin_views.py,429,function,PROTECTED,Returns HTTP 403 (Forbidden)
admin/grant-table-access/,grant_table_access,grant_table_access,ROLE_BASED,Protected with role/feature permissions,"login_required, user_passes_test",Admin role required (user_passes_test),api\admin_views.py,244,function,PROTECTED,Returns HTTP 403 (Forbidden)
admin/logs/,api_logs,api_logs,ROLE_BASED,Protected with role/feature permissions,"login_required, user_passes_test",Admin role required (user_passes_test),api\admin_views.py,480,function,PROTECTED,Returns HTTP 403 (Forbidden)
admin/loss-category/<int:pk>/delete/,delete_loss_category,delete_loss_category,LOGIN_REQUIRED,Protected with login,"login_required, require_http_methods",Any authenticated user,ticketing\views\admin_views.py,188,function,PROTECTED,Returns HTTP 403 (Forbidden)
admin/loss-category/<int:pk>/edit/,edit_loss_category,edit_loss_category,LOGIN_REQUIRED,Protected with login,"login_required, require_http_methods",Any authenticated user,ticketing\views\admin_views.py,158,function,PROTECTED,Returns HTTP 403 (Forbidden)
admin/loss-category/create/,create_loss_category,create_loss_category,LOGIN_REQUIRED,Protected with login,"login_required, require_http_methods",Any authenticated user,ticketing\views\admin_views.py,131,function,PROTECTED,Returns HTTP 403 (Forbidden)
admin/manage-users/,manage_api_users,manage_api_users,ROLE_BASED,Protected with role/feature permissions,"login_required, user_passes_test",Admin role required (user_passes_test),api\admin_views.py,140,function,PROTECTED,Returns HTTP 403 (Forbidden)
admin/pm-rule/<int:pk>/delete/,delete_pm_rule,delete_pm_rule,LOGIN_REQUIRED,Protected with login,login_required,Any authenticated user,ticketing\views\admin_views.py,271,function,PROTECTED,Returns HTTP 403 (Forbidden)
admin/pm-rule/<int:pk>/edit/,edit_pm_rule,edit_pm_rule,LOGIN_REQUIRED,Protected with login,login_required,Any authenticated user,ticketing\views\admin_views.py,244,function,PROTECTED,Returns HTTP 403 (Forbidden)
admin/pm-rule/<int:pk>/toggle/,toggle_pm_rule,toggle_pm_rule,LOGIN_REQUIRED,Protected with login,login_required,Any authenticated user,ticketing\views\admin_views.py,290,function,PROTECTED,Returns HTTP 403 (Forbidden)
admin/pm-rule/create/,create_pm_rule,create_pm_rule,LOGIN_REQUIRED,Protected with login,login_required,Any authenticated user,ticketing\views\admin_views.py,218,function,PROTECTED,Returns HTTP 403 (Forbidden)
admin/pm-rule/trigger/,trigger_pm_processing,trigger_pm_processing,LOGIN_REQUIRED,Protected with login,"login_required, require_http_methods",Any authenticated user,ticketing\views\admin_views.py,308,function,PROTECTED,Returns HTTP 403 (Forbidden)
admin/remove-restriction/<int:restriction_id>/,remove_column_restriction,remove_column_restriction,ROLE_BASED,Protected with role/feature permissions,"login_required, user_passes_test, require_http_methods",Admin role required (user_passes_test),api\admin_views.py,507,function,PROTECTED,Returns HTTP 403 (Forbidden)
admin/restrict-columns/,restrict_columns,restrict_columns,ROLE_BASED,Protected with role/feature permissions,"login_required, user_passes_test",Admin role required (user_passes_test),api\admin_views.py,284,function,PROTECTED,Returns HTTP 403 (Forbidden)
admin/revoke-key/<uuid:key_id>/,revoke_api_key_admin,revoke_api_key_admin,ROLE_BASED,Protected with role/feature permissions,"login_required, user_passes_test, require_http_methods",Admin role required (user_passes_test),api\admin_views.py,331,function,PROTECTED,Returns HTTP 403 (Forbidden)
admin/revoke-table/<int:permission_id>/,revoke_table_access,revoke_table_access,ROLE_BASED,Protected with role/feature permissions,"login_required, user_passes_test, require_http_methods",Admin role required (user_passes_test),api\admin_views.py,527,function,PROTECTED,Returns HTTP 403 (Forbidden)
admin/setup-permissions/,setup_api_permissions,setup_api_permissions,ROLE_BASED,Protected with role/feature permissions,"login_required, user_passes_test",Admin role required (user_passes_test),api\admin_views.py,83,function,PROTECTED,Returns HTTP 403 (Forbidden)
admin/ticket-category/<int:pk>/delete/,delete_ticket_category,delete_ticket_category,LOGIN_REQUIRED,Protected with login,"login_required, require_http_methods",Any authenticated user,ticketing\views\admin_views.py,102,function,PROTECTED,Returns HTTP 403 (Forbidden)
admin/ticket-category/<int:pk>/edit/,edit_ticket_category,edit_ticket_category,LOGIN_REQUIRED,Protected with login,"login_required, require_http_methods",Any authenticated user,ticketing\views\admin_views.py,72,function,PROTECTED,Returns HTTP 403 (Forbidden)
admin/ticket-category/create/,create_ticket_category,create_ticket_category,LOGIN_REQUIRED,Protected with login,"login_required, require_http_methods",Any authenticated user,ticketing\views\admin_views.py,45,function,PROTECTED,Returns HTTP 403 (Forbidden)
admin/toggle-status/<int:user_id>/,toggle_api_user_status,toggle_api_user_status,ROLE_BASED,Protected with role/feature permissions,"login_required, user_passes_test, require_http_methods",Admin role required (user_passes_test),api\admin_views.py,350,function,PROTECTED,Returns HTTP 403 (Forbidden)
admin/update-rate-limits/<int:user_id>/,update_rate_limits,update_rate_limits,ROLE_BASED,Protected with role/feature permissions,"login_required, user_passes_test, require_http_methods",Admin role required (user_passes_test),api\admin_views.py,406,function,PROTECTED,Returns HTTP 403 (Forbidden)
admin/users/<int:user_id>/,view_api_user,view_api_user,ROLE_BASED,Protected with role/feature permissions,"login_required, user_passes_test",Admin role required (user_passes_test),api\admin_views.py,158,function,PROTECTED,Returns HTTP 403 (Forbidden)
analytics/,analytics_view,analytics,ROLE_BASED,Protected with role/feature permissions,"feature_required, login_required",Feature-based (check code),main\views\analytics_views.py,32,function,PROTECTED,Redirects to login (HTTP 200)
api/actual-generation-daily/,api_actual_generation_daily,api_actual_generation_daily,LOGIN_REQUIRED,Protected with login,login_required,Any authenticated user,main\views\api_data_views.py,483,function,PROTECTED,Returns HTTP 403 (Forbidden)
api/actual-gii-daily/,api_actual_gii_daily,api_actual_gii_daily,LOGIN_REQUIRED,Protected with login,login_required,Any authenticated user,main\views\api_data_views.py,570,function,PROTECTED,Returns HTTP 403 (Forbidden)
api/analytics/device-types/,api_analytics_device_types,api_analytics_device_types,LOGIN_REQUIRED,Protected with login,"login_required, require_http_methods",Any authenticated user,main\views\analytics_views.py,503,function,PROTECTED,Redirects to login (HTTP 200)
api/analytics/devices/,api_analytics_devices,api_analytics_devices,LOGIN_REQUIRED,Protected with login,"login_required, require_http_methods, cors_allow_same_site",Any authenticated user,main\views\analytics_views.py,67,function,PROTECTED,Redirects to login (HTTP 200)
api/analytics/download-csv/,api_analytics_download_csv,api_analytics_download_csv,LOGIN_REQUIRED,Protected with login,"login_required, require_http_methods",Any authenticated user,main\views\analytics_views.py,555,function,PROTECTED,Redirects to login (HTTP 200)
api/analytics/measurement-points/,api_analytics_measurement_points,api_analytics_measurement_points,LOGIN_REQUIRED,Protected with login,"login_required, require_http_methods",Any authenticated user,main\views\analytics_views.py,150,function,PROTECTED,Redirects to login (HTTP 200)
api/analytics/timeseries-data/,api_analytics_timeseries_data,api_analytics_timeseries_data,LOGIN_REQUIRED,Protected with login,"login_required, require_http_methods",Any authenticated user,main\views\analytics_views.py,254,function,PROTECTED,Redirects to login (HTTP 200)
api/analyze-file-encoding/,api_analyze_file_encoding,api_analyze_file_encoding,LOGIN_REQUIRED,Protected with login,login_required,Any authenticated user,main\views\api_data_views.py,704,function,PROTECTED,Returns HTTP 403 (Forbidden)
api/aoc-data/,api_aoc_data,api_aoc_data,LOGIN_REQUIRED,Protected with login,login_required,Any authenticated user,main\views\api_data_views.py,226,function,PROTECTED,Redirects to login (HTTP 200)
api/asset-options/,api_asset_options,api_asset_options,LOGIN_REQUIRED,Protected with login,"login_required, cors_allow_same_site",Any authenticated user,main\views\api_data_views.py,655,function,PROTECTED,Returns HTTP 403 (Forbidden)
api/bess-data/,api_bess_data,api_bess_data,LOGIN_REQUIRED,Protected with login,login_required,Any authenticated user,main\views\api_data_views.py,143,function,PROTECTED,Redirects to login (HTTP 200)
api/blocking/block-ip/,block_ip_api,api_block_ip,ROLE_BASED,Protected with role/feature permissions,"login_required, role_required, require_http_methods",Role-based (check code),main\views\api_views.py,178,function,PROTECTED,Returns HTTP 403 (Forbidden)
api/blocking/block-user/,block_user_api,api_block_user,ROLE_BASED,Protected with role/feature permissions,"login_required, role_required, require_http_methods",Role-based (check code),main\views\api_views.py,448,function,PROTECTED,Returns HTTP 403 (Forbidden)
api/blocking/check-ip/<str:ip_address>/,check_ip_status_api,api_check_ip_status,ROLE_BASED,Protected with role/feature permissions,"login_required, role_required, require_http_methods",Role-based (check code),main\views\api_views.py,280,function,PROTECTED,Returns HTTP 403 (Forbidden)
api/blocking/ips/,blocked_ips_api,api_blocked_ips,ROLE_BASED,Protected with role/feature permissions,"login_required, role_required, require_http_methods",Role-based (check code),main\views\api_views.py,62,function,PROTECTED,Returns HTTP 403 (Forbidden)
api/blocking/stats/,blocking_stats_api,api_blocking_stats,ROLE_BASED,Protected with role/feature permissions,"login_required, role_required, require_http_methods",Role-based (check code),main\views\api_views.py,26,function,PROTECTED,Returns HTTP 403 (Forbidden)
api/blocking/unblock-ip/,unblock_ip_api,api_unblock_ip,ROLE_BASED,Protected with role/feature permissions,"login_required, role_required, require_http_methods",Role-based (check code),main\views\api_views.py,310,function,PROTECTED,Returns HTTP 403 (Forbidden)
api/blocking/unblock-user/,unblock_user_api,api_unblock_user,ROLE_BASED,Protected with role/feature permissions,"login_required, role_required, require_http_methods",Role-based (check code),main\views\api_views.py,566,function,PROTECTED,Returns HTTP 403 (Forbidden)
api/blocking/users/,blocked_users_api,api_blocked_users,ROLE_BASED,Protected with role/feature permissions,"login_required, role_required, require_http_methods",Role-based (check code),main\views\api_views.py,119,function,PROTECTED,Returns HTTP 403 (Forbidden)
api/budget-gii-daily/,api_budget_gii_daily,api_budget_gii_daily,LOGIN_REQUIRED,Protected with login,login_required,Any authenticated user,main\views\api_data_views.py,541,function,PROTECTED,Returns HTTP 403 (Forbidden)
api/budget-values/debug/,api_budget_values_debug,api_budget_values_debug,ROLE_BASED,Protected with role/feature permissions,"login_required, role_required",Role-based (check code),main\views\site_onboarding_views.py,72,function,PROTECTED,Redirects to login (HTTP 200)
api/categories/,api_get_categories,api_categories,LOGIN_REQUIRED,Protected with login,"login_required, require_http_methods",Any authenticated user,ticketing\views\api_views.py,222,function,PROTECTED,Returns HTTP 403 (Forbidden)
api/data-counts/,api_data_counts,api_data_counts,LOGIN_REQUIRED,Protected with login,login_required,Any authenticated user,main\views\data_upload_views.py,480,function,PROTECTED,Returns HTTP 403 (Forbidden)
api/data-preview/<str:data_type>/,api_data_preview,api_data_preview,LOGIN_REQUIRED,Protected with login,login_required,Any authenticated user,main\views\data_upload_views.py,574,function,PROTECTED,Returns HTTP 403 (Forbidden)
api/delete-data/,api_delete_data,api_delete_data,LOGIN_REQUIRED,Protected with login,login_required,Any authenticated user,main\views\data_upload_views.py,612,function,PROTECTED,Returns HTTP 403 (Forbidden)
api/device-sub-groups/,api_get_device_sub_groups,api_device_sub_groups,LOGIN_REQUIRED,Protected with login,"login_required, require_http_methods",Any authenticated user,ticketing\views\api_views.py,53,function,PROTECTED,Returns HTTP 403 (Forbidden)
api/device-types/,api_get_device_types,api_device_types,LOGIN_REQUIRED,Protected with login,"login_required, require_http_methods",Any authenticated user,ticketing\views\api_views.py,34,function,PROTECTED,Returns HTTP 403 (Forbidden)
api/devices/,api_devices,api_devices,LOGIN_REQUIRED,Protected with login,login_required,Any authenticated user,main\views\api_data_views.py,444,function,PROTECTED,Redirects to login (HTTP 200)
api/devices/,api_get_devices,api_devices,LOGIN_REQUIRED,Protected with login,"login_required, require_http_methods",Any authenticated user,ticketing\views\api_views.py,74,function,PROTECTED,Returns HTTP 403 (Forbidden)
api/expected-budget-daily/,api_expected_budget_daily,api_expected_budget_daily,LOGIN_REQUIRED,Protected with login,login_required,Any authenticated user,main\views\api_data_views.py,512,function,PROTECTED,Returns HTTP 403 (Forbidden)
api/field-definitions/,api_get_field_definitions,api_field_definitions,LOGIN_REQUIRED,Protected with login,"login_required, require_http_methods",Any authenticated user,ticketing\views\api_views.py,200,function,PROTECTED,Returns HTTP 403 (Forbidden)
api/ic-approved-budget-daily/,api_ic_approved_budget_daily,api_ic_approved_budget_daily,LOGIN_REQUIRED,Protected with login,login_required,Any authenticated user,main\views\api_data_views.py,389,function,PROTECTED,Redirects to login (HTTP 200)
api/ice-data/,api_ice_data,api_ice_data,LOGIN_REQUIRED,Protected with login,login_required,Any authenticated user,main\views\api_data_views.py,265,function,PROTECTED,Redirects to login (HTTP 200)
api/loss-calculation-data/,api_loss_calculation_data,api_loss_calculation_data,LOGIN_REQUIRED,Protected with login,"login_required, cors_allow_same_site",Any authenticated user,main\views\api_data_views.py,600,function,PROTECTED,Returns HTTP 403 (Forbidden)
api/loss-categories/,api_get_loss_categories,api_loss_categories,LOGIN_REQUIRED,Protected with login,"login_required, require_http_methods",Any authenticated user,ticketing\views\api_views.py,239,function,PROTECTED,Returns HTTP 403 (Forbidden)
api/map-data/,api_map_data,api_map_data,LOGIN_REQUIRED,Protected with login,login_required,Any authenticated user,main\views\api_data_views.py,310,function,PROTECTED,Redirects to login (HTTP 200)
api/metrics/,api_metrics,api_metrics,LOGIN_REQUIRED,Protected with login,login_required,Any authenticated user,main\views\api_data_views.py,450,function,PROTECTED,Redirects to login (HTTP 200)
api/minamata-string-loss-data/,api_minamata_string_loss_data,api_minamata_string_loss_data,LOGIN_REQUIRED,Protected with login,login_required,Any authenticated user,main\views\api_data_views.py,356,function,PROTECTED,Redirects to login (HTTP 200)
api/real-time-kpi-data/,api_real_time_kpi_data,api_real_time_kpi_data,ROLE_BASED,Protected with role/feature permissions,"feature_required, login_required, cors_allow_same_site",Feature-based (check code),main\views\kpi_dashboard_views.py,182,function,PROTECTED,Returns HTTP 403 (Forbidden)
api/recent-uploads/,api_recent_uploads,api_recent_uploads,LOGIN_REQUIRED,Protected with login,login_required,Any authenticated user,main\views\data_upload_views.py,569,function,PROTECTED,Returns HTTP 403 (Forbidden)
api/site-onboarding/api-names/,api_get_unique_api_names,api_get_unique_api_names,ROLE_BASED,Protected with role/feature permissions,"role_required, login_required",Role-based (check code),main\views\site_onboarding_views.py,692,function,PROTECTED,Returns HTTP 403 (Forbidden)
api/site-onboarding/asset-list/,api_asset_list_data,api_asset_list_data,ROLE_BASED,Protected with role/feature permissions,"role_required, login_required",Role-based (check code),main\views\site_onboarding_views.py,155,function,PROTECTED,Returns HTTP 403 (Forbidden)
api/site-onboarding/asset-list/create/,api_create_asset_list,api_create_asset_list,ROLE_BASED,Protected with role/feature permissions,"role_required, login_required",Role-based (check code),main\views\site_onboarding_views.py,498,function,PROTECTED,Returns HTTP 403 (Forbidden)
api/site-onboarding/asset-list/delete/<str:asset_code>/,api_delete_asset_list,api_delete_asset_list,ROLE_BASED,Protected with role/feature permissions,"superuser_required, role_required, login_required",Role-based (check code),main\views\site_onboarding_views.py,656,function,PROTECTED,Returns HTTP 403 (Forbidden)
api/site-onboarding/asset-list/update/,api_update_asset_list,api_update_asset_list,ROLE_BASED,Protected with role/feature permissions,"role_required, login_required",Role-based (check code),main\views\site_onboarding_views.py,574,function,PROTECTED,Returns HTTP 403 (Forbidden)
api/site-onboarding/budget-values/,api_budget_values_data,api_budget_values_data,ROLE_BASED,Protected with role/feature permissions,"role_required, login_required",Role-based (check code),main\views\site_onboarding_views.py,432,function,PROTECTED,Returns HTTP 403 (Forbidden)
api/site-onboarding/budget-values/create/,api_create_budget_values,api_create_budget_values,ROLE_BASED,Protected with role/feature permissions,"role_required, login_required",Role-based (check code),main\views\site_onboarding_views.py,1095,function,PROTECTED,Returns HTTP 403 (Forbidden)
api/site-onboarding/budget-values/delete/<int:budget_id>/,api_delete_budget_values,api_delete_budget_values,ROLE_BASED,Protected with role/feature permissions,"superuser_required, role_required, login_required",Role-based (check code),main\views\site_onboarding_views.py,1199,function,PROTECTED,Returns HTTP 403 (Forbidden)
api/site-onboarding/budget-values/update/,api_update_budget_values,api_update_budget_values,ROLE_BASED,Protected with role/feature permissions,"role_required, login_required",Role-based (check code),main\views\site_onboarding_views.py,1150,function,PROTECTED,Returns HTTP 403 (Forbidden)
api/site-onboarding/debug/,api_site_onboarding_debug,api_site_onboarding_debug,ROLE_BASED,Protected with role/feature permissions,"login_required, role_required",Role-based (check code),main\views\site_onboarding_views.py,34,function,PROTECTED,Redirects to login (HTTP 200)
api/site-onboarding/device-list/,api_device_list_data,api_device_list_data,ROLE_BASED,Protected with role/feature permissions,"role_required, login_required",Role-based (check code),main\views\site_onboarding_views.py,274,function,PROTECTED,Returns HTTP 403 (Forbidden)
api/site-onboarding/device-list/create/,api_create_device_list,api_create_device_list,ROLE_BASED,Protected with role/feature permissions,"role_required, login_required",Role-based (check code),main\views\site_onboarding_views.py,715,function,PROTECTED,Returns HTTP 403 (Forbidden)
api/site-onboarding/device-list/delete/<str:device_id>/,api_delete_device_list,api_delete_device_list,ROLE_BASED,Protected with role/feature permissions,"superuser_required, role_required, login_required",Role-based (check code),main\views\site_onboarding_views.py,893,function,PROTECTED,Returns HTTP 403 (Forbidden)
api/site-onboarding/device-list/update/,api_update_device_list,api_update_device_list,ROLE_BASED,Protected with role/feature permissions,"role_required, login_required",Role-based (check code),main\views\site_onboarding_views.py,803,function,PROTECTED,Returns HTTP 403 (Forbidden)
api/site-onboarding/device-mapping/,api_device_mapping_data,api_device_mapping_data,ROLE_BASED,Protected with role/feature permissions,"role_required, login_required",Role-based (check code),main\views\site_onboarding_views.py,355,function,PROTECTED,Returns HTTP 403 (Forbidden)
api/site-onboarding/device-mapping/create/,api_create_device_mapping,api_create_device_mapping,ROLE_BASED,Protected with role/feature permissions,"role_required, login_required",Role-based (check code),main\views\site_onboarding_views.py,931,function,PROTECTED,Returns HTTP 403 (Forbidden)
api/site-onboarding/device-mapping/delete/<int:mapping_id>/,api_delete_device_mapping,api_delete_device_mapping,ROLE_BASED,Protected with role/feature permissions,"superuser_required, role_required, login_required",Role-based (check code),main\views\site_onboarding_views.py,1056,function,PROTECTED,Returns HTTP 403 (Forbidden)
api/site-onboarding/device-mapping/update/,api_update_device_mapping,api_update_device_mapping,ROLE_BASED,Protected with role/feature permissions,"role_required, login_required",Role-based (check code),main\views\site_onboarding_views.py,998,function,PROTECTED,Returns HTTP 403 (Forbidden)
api/site-onboarding/ic-budget/,api_ic_budget_data,api_ic_budget_data,ROLE_BASED,Protected with role/feature permissions,"role_required, login_required",Role-based (check code),main\views\site_onboarding_views.py,1236,function,PROTECTED,Returns HTTP 403 (Forbidden)
api/site-onboarding/ic-budget/create/,api_create_ic_budget,api_create_ic_budget,ROLE_BASED,Protected with role/feature permissions,"role_required, login_required",Role-based (check code),main\views\site_onboarding_views.py,1316,function,PROTECTED,Returns HTTP 403 (Forbidden)
api/site-onboarding/ic-budget/delete/<int:ic_budget_id>/,api_delete_ic_budget,api_delete_ic_budget,ROLE_BASED,Protected with role/feature permissions,"superuser_required, role_required, login_required",Role-based (check code),main\views\site_onboarding_views.py,1428,function,PROTECTED,Returns HTTP 403 (Forbidden)
api/site-onboarding/ic-budget/update/,api_update_ic_budget,api_update_ic_budget,ROLE_BASED,Protected with role/feature permissions,"role_required, login_required",Role-based (check code),main\views\site_onboarding_views.py,1377,function,PROTECTED,Returns HTTP 403 (Forbidden)
api/site-onboarding/upload/,upload_site_onboarding_data,upload_site_onboarding_data,ROLE_BASED,Protected with role/feature permissions,"login_required, role_required",Role-based (check code),main\views\siteonboarding_data_apload_views.py,25,function,PROTECTED,Returns HTTP 403 (Forbidden)
api/sites/,api_sites,api_sites,LOGIN_REQUIRED,Protected with login,login_required,Any authenticated user,main\views\api_data_views.py,456,function,PROTECTED,Returns HTTP 403 (Forbidden)
api/sites/,api_get_sites,api_sites,LOGIN_REQUIRED,Protected with login,"login_required, require_http_methods",Any authenticated user,ticketing\views\api_views.py,16,function,PROTECTED,Returns HTTP 403 (Forbidden)
api/stats/,api_get_ticket_stats,api_stats,LOGIN_REQUIRED,Protected with login,"login_required, require_http_methods",Any authenticated user,ticketing\views\api_views.py,114,function,PROTECTED,Returns HTTP 403 (Forbidden)
api/time-series-data/,api_time_series_data,api_time_series_data,LOGIN_REQUIRED,Protected with login,login_required,Any authenticated user,main\views\api_data_views.py,415,function,PROTECTED,Redirects to login (HTTP 200)
api/upload-csv/,api_upload_csv,api_upload_csv,LOGIN_REQUIRED,Protected with login,login_required,Any authenticated user,main\views\api_data_views.py,687,function,PROTECTED,Redirects to login (HTTP 200)
api/upload-history/,api_upload_history,api_upload_history,LOGIN_REQUIRED,Protected with login,login_required,Any authenticated user,main\views\data_upload_views.py,502,function,PROTECTED,Returns HTTP 403 (Forbidden)
api/user-activity/,user_activity_api,user_activity_api,ROLE_BASED,Protected with role/feature permissions,"login_required, role_required",Role-based (check code),main\views\user_management_views.py,341,function,PROTECTED,Redirects to login (HTTP 200)
api/yield-data-sales/,api_yield_data_sales,api_yield_data_sales,LOGIN_REQUIRED,Protected with login,login_required,Any authenticated user,main\views\api_data_views.py,89,function,PROTECTED,Redirects to login (HTTP 200)
api/yield-data/,api_yield_data,api_yield_data,LOGIN_REQUIRED,Protected with login,"login_required, cors_allow_same_site",Any authenticated user,main\views\api_data_views.py,25,function,PROTECTED,Redirects to login (HTTP 200)
areas-of-concern/,areas_of_concern_view,areas_of_concern,ROLE_BASED,Protected with role/feature permissions,"feature_required, login_required",Feature-based (check code),main\views\areas_of_concern_views.py,16,function,PROTECTED,Redirects to login (HTTP 200)
bess-performance/,bess_performance_view,bess_performance,ROLE_BASED,Protected with role/feature permissions,"feature_required, login_required",Feature-based (check code),main\views\bess_performance_views.py,31,function,PROTECTED,Redirects to login (HTTP 200)
create/,TicketCreateView,ticket_create,LOGIN_REQUIRED,Protected with login,"method_decorator, MethodDecorator:login_required",Any authenticated user,ticketing\views\ticket_views.py,184,class,PROTECTED,Returns HTTP 403 (Forbidden)
dashboard/,dashboard_view,dashboard,LOGIN_REQUIRED,Protected with login,login_required,Any authenticated user,main\views\dashboard_views.py,12,function,PROTECTED,Redirects to login (HTTP 200)
dashboard/,api_dashboard,dashboard,LOGIN_REQUIRED,Protected with login,"login_required, require_http_methods",Any authenticated user,api\views.py,835,function,PROTECTED,Returns HTTP 403 (Forbidden)
dashboard/,TicketDashboardView,ticket_dashboard,LOGIN_REQUIRED,Protected with login,"method_decorator, MethodDecorator:login_required",Any authenticated user,ticketing\views\dashboard_views.py,14,class,PROTECTED,Returns HTTP 403 (Forbidden)
data-upload-help/,data_upload_help_view,data_upload_help,ROLE_BASED,Protected with role/feature permissions,"feature_required, login_required",Feature-based (check code),main\views\data_upload_views.py,143,function,PROTECTED,Redirects to login (HTTP 200)
data-upload/,data_upload_view,data_upload,ROLE_BASED,Protected with role/feature permissions,"feature_required, login_required",Feature-based (check code),main\views\data_upload_views.py,62,function,PROTECTED,Redirects to login (HTTP 200)
download-page/,download_page,download_page,ROLE_BASED,Protected with role/feature permissions,"feature_required, login_required",Feature-based (check code),main\views\download_views.py,28,function,PROTECTED,Redirects to login (HTTP 200)
download-user-activity-auto/,download_user_activity_auto,download_user_activity_auto,ROLE_BASED,Protected with role/feature permissions,"login_required, role_required",Role-based (check code),main\views\user_management_views.py,594,function,PROTECTED,Redirects to login (HTTP 200)
download-user-activity/,download_user_activity,download_user_activity,ROLE_BASED,Protected with role/feature permissions,"login_required, role_required",Role-based (check code),main\views\user_management_views.py,400,function,PROTECTED,Redirects to login (HTTP 200)
download/<str:data_type>/,download_data_view,download_data,ROLE_BASED,Protected with role/feature permissions,"feature_required, login_required",Feature-based (check code),main\views\download_views.py,36,function,PROTECTED,Returns HTTP 403 (Forbidden)
edit-user-access/<int:user_id>/,edit_user_access,edit_user_access,ROLE_BASED,Protected with role/feature permissions,"feature_required, login_required, csrf_exempt",Feature-based (check code),main\views\user_management_views.py,772,function,NOT_FOUND,Returns HTTP 404
feedback/,feedback_submit_view,feedback_submit,LOGIN_REQUIRED,Protected with login,login_required,Any authenticated user,main\views\feedback_views.py,28,function,PROTECTED,Returns HTTP 403 (Forbidden)
feedback/delete/<int:feedback_id>/,delete_feedback,delete_feedback,LOGIN_REQUIRED,Protected with login,"login_required, superuser_required",Any authenticated user,main\views\feedback_views.py,213,function,PROTECTED,Returns HTTP 403 (Forbidden)
feedback/direct-image/<int:feedback_id>/,feedback_image_direct,feedback_image_direct,ROLE_BASED,Protected with role/feature permissions,"login_required, feature_required",Feature-based (check code),main\views\feedback_views.py,351,function,PROTECTED,Returns HTTP 403 (Forbidden)
feedback/download-image/<int:feedback_id>/,feedback_image_download,feedback_image_download,ROLE_BASED,Protected with role/feature permissions,"login_required, feature_required",Feature-based (check code),main\views\feedback_views.py,290,function,PROTECTED,Returns HTTP 403 (Forbidden)
feedback/images/<int:feedback_id>/,feedback_images_ajax,feedback_images_ajax,ROLE_BASED,Protected with role/feature permissions,"login_required, feature_required",Feature-based (check code),main\views\feedback_views.py,266,function,PROTECTED,Returns HTTP 403 (Forbidden)
feedback/list/,feedback_list_view,feedback_list,ROLE_BASED,Protected with role/feature permissions,"login_required, feature_required",Feature-based (check code),main\views\feedback_views.py,69,function,PROTECTED,Returns HTTP 403 (Forbidden)
feedback/mark-attended/<int:feedback_id>/,mark_feedback_attended,mark_feedback_attended,ROLE_BASED,Protected with role/feature permissions,"login_required, feature_required",Feature-based (check code),main\views\feedback_views.py,121,function,PROTECTED,Returns HTTP 403 (Forbidden)
generation-report/,generation_report_view,generation_report,ROLE_BASED,Protected with role/feature permissions,"feature_required, login_required",Feature-based (check code),main\views\generation_report_views.py,20,function,PROTECTED,Redirects to login (HTTP 200)
ic-budget-vs-expected/,ic_budget_vs_expected_view,ic_budget_vs_expected,ROLE_BASED,Protected with role/feature permissions,"feature_required, login_required",Feature-based (check code),main\views\ic_budget_views.py,24,function,PROTECTED,Redirects to login (HTTP 200)
keys/<uuid:key_id>/revoke/,revoke_api_key,revoke_key,LOGIN_REQUIRED,Protected with login,"login_required, csrf_exempt, require_http_methods",Any authenticated user,api\views.py,937,function,PROTECTED,Returns HTTP 403 (Forbidden)
keys/generate/,generate_api_key,generate_key,LOGIN_REQUIRED,Protected with login,"login_required, csrf_exempt, require_http_methods",Any authenticated user,api\views.py,875,function,PROTECTED,Returns HTTP 403 (Forbidden)
kpi-dashboard/,kpi_dashboard_view,kpi_dashboard,ROLE_BASED,Protected with role/feature permissions,"feature_required, login_required",Feature-based (check code),main\views\kpi_dashboard_views.py,28,function,PROTECTED,Redirects to login (HTTP 200)
manage/capabilities/,CapabilityListView,capability_list,ROLE_BASED,Protected with role/feature permissions,"Mixin:AccessControlMixin, Mixin:AccessControlMixin","Mixin-based (AccessControlMixin, AccessControlMixin)",accounts\access_views.py,159,class,PROTECTED,Returns HTTP 403 (Forbidden)
manage/capabilities/<str:key>/delete/,CapabilityDeleteView,capability_delete,ROLE_BASED,Protected with role/feature permissions,"Mixin:PermissionInvalidateMixin, Mixin:AccessControlMixin, Mixin:AccessControlMixin","Mixin-based (PermissionInvalidateMixin, AccessControlMixin, AccessControlMixin)",accounts\access_views.py,204,class,PROTECTED,Returns HTTP 403 (Forbidden)
manage/capabilities/<str:key>/edit/,CapabilityUpdateView,capability_update,ROLE_BASED,Protected with role/feature permissions,"Mixin:PermissionInvalidateMixin, Mixin:AccessControlMixin, Mixin:AccessControlMixin","Mixin-based (PermissionInvalidateMixin, AccessControlMixin, AccessControlMixin)",accounts\access_views.py,188,class,PROTECTED,Returns HTTP 403 (Forbidden)
manage/capabilities/new/,CapabilityCreateView,capability_create,ROLE_BASED,Protected with role/feature permissions,"Mixin:PermissionInvalidateMixin, Mixin:AccessControlMixin, Mixin:AccessControlMixin","Mixin-based (PermissionInvalidateMixin, AccessControlMixin, AccessControlMixin)",accounts\access_views.py,174,class,PROTECTED,Returns HTTP 403 (Forbidden)
manage/features/,FeatureListView,feature_list,ROLE_BASED,Protected with role/feature permissions,"Mixin:AccessControlMixin, Mixin:AccessControlMixin","Mixin-based (AccessControlMixin, AccessControlMixin)",accounts\access_views.py,94,class,PROTECTED,Returns HTTP 403 (Forbidden)
manage/features/<slug:key>/delete/,FeatureDeleteView,feature_delete,ROLE_BASED,Protected with role/feature permissions,"Mixin:PermissionInvalidateMixin, Mixin:AccessControlMixin, Mixin:AccessControlMixin","Mixin-based (PermissionInvalidateMixin, AccessControlMixin, AccessControlMixin)",accounts\access_views.py,139,class,PROTECTED,Returns HTTP 403 (Forbidden)
manage/features/<slug:key>/edit/,FeatureUpdateView,feature_update,ROLE_BASED,Protected with role/feature permissions,"Mixin:PermissionInvalidateMixin, Mixin:AccessControlMixin, Mixin:AccessControlMixin","Mixin-based (PermissionInvalidateMixin, AccessControlMixin, AccessControlMixin)",accounts\access_views.py,123,class,PROTECTED,Returns HTTP 403 (Forbidden)
manage/features/new/,FeatureCreateView,feature_create,ROLE_BASED,Protected with role/feature permissions,"Mixin:PermissionInvalidateMixin, Mixin:AccessControlMixin, Mixin:AccessControlMixin","Mixin-based (PermissionInvalidateMixin, AccessControlMixin, AccessControlMixin)",accounts\access_views.py,109,class,PROTECTED,Returns HTTP 403 (Forbidden)
manage/roles/,RoleListView,role_list,ROLE_BASED,Protected with role/feature permissions,"Mixin:AccessControlMixin, Mixin:AccessControlMixin","Mixin-based (AccessControlMixin, AccessControlMixin)",accounts\access_views.py,224,class,PROTECTED,Returns HTTP 403 (Forbidden)
manage/roles/<slug:key>/delete/,RoleDeleteView,role_delete,ROLE_BASED,Protected with role/feature permissions,"Mixin:PermissionInvalidateMixin, Mixin:AccessControlMixin, Mixin:AccessControlMixin","Mixin-based (PermissionInvalidateMixin, AccessControlMixin, AccessControlMixin)",accounts\access_views.py,269,class,PROTECTED,Returns HTTP 403 (Forbidden)
manage/roles/<slug:key>/edit/,RoleUpdateView,role_update,ROLE_BASED,Protected with role/feature permissions,"Mixin:PermissionInvalidateMixin, Mixin:AccessControlMixin, Mixin:AccessControlMixin","Mixin-based (PermissionInvalidateMixin, AccessControlMixin, AccessControlMixin)",accounts\access_views.py,253,class,PROTECTED,Returns HTTP 403 (Forbidden)
manage/roles/new/,RoleCreateView,role_create,ROLE_BASED,Protected with role/feature permissions,"Mixin:PermissionInvalidateMixin, Mixin:AccessControlMixin, Mixin:AccessControlMixin","Mixin-based (PermissionInvalidateMixin, AccessControlMixin, AccessControlMixin)",accounts\access_views.py,239,class,PROTECTED,Returns HTTP 403 (Forbidden)
manual/,api_manual,api_manual,LOGIN_REQUIRED,Protected with login,login_required,Any authenticated user,api\views.py,38,function,PROTECTED,Returns HTTP 403 (Forbidden)
minamata-typhoon-damage/,minamata_typhoon_damage_view,minamata_typhoon_damage,ROLE_BASED,Protected with role/feature permissions,"feature_required, login_required",Feature-based (check code),main\views\minamata_views.py,15,function,PROTECTED,Redirects to login (HTTP 200)
my-tickets/,MyTicketsView,my_tickets,LOGIN_REQUIRED,Protected with login,"method_decorator, MethodDecorator:login_required",Any authenticated user,ticketing\views\ticket_views.py,51,class,PROTECTED,Returns HTTP 403 (Forbidden)
portfolio-map/,portfolio_map_view,portfolio_map,ROLE_BASED,Protected with role/feature permissions,"feature_required, login_required",Feature-based (check code),main\views\portfolio_map_views.py,19,function,PROTECTED,Redirects to login (HTTP 200)
pr-gap/,pr_gap_view,pr_gap,ROLE_BASED,Protected with role/feature permissions,"feature_required, login_required",Feature-based (check code),main\views\pr_gap_views.py,11,function,PROTECTED,Redirects to login (HTTP 200)
profile/,profile_view,profile,LOGIN_REQUIRED,Protected with login,login_required,Any authenticated user,accounts\views.py,283,function,PROTECTED,Returns HTTP 403 (Forbidden)
revenue-loss/,revenue_loss_view,revenue_loss,ROLE_BASED,Protected with role/feature permissions,"feature_required, login_required",Feature-based (check code),main\views\revenue_loss_views.py,23,function,PROTECTED,Redirects to login (HTTP 200)
sales/,sales_dashboard_view,sales,ROLE_BASED,Protected with role/feature permissions,"feature_required, login_required",Feature-based (check code),main\views\sales_dashboard_views.py,23,function,PROTECTED,Redirects to login (HTTP 200)
security-alerts/,security_alerts_view,security_alerts,ROLE_BASED,Protected with role/feature permissions,"login_required, role_required",Role-based (check code),main\views\security_views.py,82,function,PROTECTED,Redirects to login (HTTP 200)
security/deactivate-user/,deactivate_user,deactivate_user,ROLE_BASED,Protected with role/feature permissions,"csrf_exempt, login_required, role_required",Role-based (check code),main\views\user_management_views.py,944,function,PROTECTED,Redirects to login (HTTP 200)
security/delete-user/,delete_user_permanent,delete_user_permanent,ROLE_BASED,Protected with role/feature permissions,"csrf_exempt, login_required, role_required",Role-based (check code),main\views\user_management_views.py,905,function,PROTECTED,Redirects to login (HTTP 200)
security/reactivate-user/,reactivate_user,reactivate_user,ROLE_BASED,Protected with role/feature permissions,"csrf_exempt, login_required, role_required",Role-based (check code),main\views\user_management_views.py,1017,function,PROTECTED,Redirects to login (HTTP 200)
send-password-reset/<int:user_id>/,send_password_reset,send_password_reset,ROLE_BASED,Protected with role/feature permissions,"login_required, role_required",Role-based (check code),main\views\user_management_views.py,750,function,NOT_FOUND,Returns HTTP 404
simple-csrf-test/,simple_csrf_test_view,simple_csrf_test,ROLE_BASED,Protected with role/feature permissions,"login_required, user_passes_test, ensure_csrf_cookie",Admin role required (user_passes_test),main\views\home_views.py,42,function,PROTECTED,Redirects to login (HTTP 200)
site-onboarding/,site_onboarding_view,site_onboarding,ROLE_BASED,Protected with role/feature permissions,"role_required, login_required",Role-based (check code),main\views\site_onboarding_views.py,27,function,PROTECTED,Redirects to login (HTTP 200)
site-onboarding/download/<str:table_name>/,download_site_onboarding_data,download_site_onboarding_data,LOGIN_REQUIRED,Protected with login,login_required,Any authenticated user,main\views\download_views.py,315,function,PROTECTED,Returns HTTP 403 (Forbidden)
site-onboarding/template/<str:table_name>/,download_site_onboarding_template,download_site_onboarding_template,ROLE_BASED,Protected with role/feature permissions,"role_required, login_required",Role-based (check code),main\views\download_views.py,484,function,PROTECTED,Returns HTTP 403 (Forbidden)
time-series-dashboard/,time_series_dashboard_view,time_series_dashboard,ROLE_BASED,Protected with role/feature permissions,"feature_required, login_required",Feature-based (check code),main\views\time_series_views.py,23,function,PROTECTED,Redirects to login (HTTP 200)
unified-operations-dashboard/,unified_operations_dashboard_view,unified_operations_dashboard,LOGIN_REQUIRED,Protected with login,"login_required, ensure_csrf_cookie",Any authenticated user,main\views\dashboard_views.py,19,function,PROTECTED,Redirects to login (HTTP 200)
user-management/,user_management_view,user_management,ROLE_BASED,Protected with role/feature permissions,"feature_required, login_required, csrf_exempt",Feature-based (check code),main\views\user_management_views.py,40,function,PROTECTED,Redirects to login (HTTP 200)
v1/data/<str:table_name>,get_table_data,get_table_data,API_AUTH,Protected with API authentication,"csrf_exempt, require_http_methods, require_api_auth",Any authenticated user,api\views.py,413,function,PROTECTED,Returns HTTP 403 (Forbidden)
v1/data/<str:table_name>/aggregate,get_table_aggregate,get_table_aggregate,API_AUTH,Protected with API authentication,"csrf_exempt, require_http_methods, require_api_auth",Any authenticated user,api\views.py,651,function,PROTECTED,Returns HTTP 403 (Forbidden)
v1/schema/tables,list_tables,list_tables,API_AUTH,Protected with API authentication,"csrf_exempt, require_http_methods, require_api_auth",Any authenticated user,api\views.py,247,function,PROTECTED,Returns HTTP 403 (Forbidden)
v1/schema/tables/<str:table_name>,get_table_schema,get_table_schema,API_AUTH,Protected with API authentication,"csrf_exempt, require_http_methods, require_api_auth",Any authenticated user,api\views.py,305,function,PROTECTED,Returns HTTP 403 (Forbidden)
yield-drilldown/<str:category>/,yield_drilldown_view,yield_drilldown,ROLE_BASED,Protected with role/feature permissions,"feature_required, login_required",Feature-based (check code),main\views\yield_report_views.py,86,function,PROTECTED,Redirects to login (HTTP 200)
yield-report/,yield_report_view,yield_report,ROLE_BASED,Protected with role/feature permissions,"feature_required, login_required",Feature-based (check code),main\views\yield_report_views.py,17,function,PROTECTED,Redirects to login (HTTP 200)
accounts/,INCLUDED_MODULE,,PUBLIC,⚠️ VULNERABLE: No authentication required,None,None,Unknown,N/A,unknown,,
api/,INCLUDED_MODULE,,PUBLIC,⚠️ VULNERABLE: No authentication required,None,None,Unknown,N/A,unknown,,
blog/,INCLUDED_MODULE,,PUBLIC,⚠️ VULNERABLE: No authentication required,None,None,Unknown,N/A,unknown,,
captcha/,INCLUDED_MODULE,,PUBLIC,⚠️ VULNERABLE: No authentication required,None,None,Unknown,N/A,unknown,,
login/,login_view,login,PUBLIC,⚠️ VULNERABLE: No authentication required,ensure_csrf_cookie,None,accounts\views.py,48,function,PROTECTED,Redirects to login (HTTP 403)
logout/,logout_view,logout,PUBLIC,⚠️ VULNERABLE: No authentication required,"never_cache, csrf_protect, require_http_methods",None,accounts\views.py,271,function,PROTECTED,Returns HTTP 403 (Forbidden)
password-reset/,CustomPasswordResetView,password_reset,PUBLIC,⚠️ VULNERABLE: No authentication required,None,None,accounts\views.py,287,class,PROTECTED,Returns HTTP 403 (Forbidden)
tickets/,INCLUDED_MODULE,,PUBLIC,⚠️ VULNERABLE: No authentication required,None,None,Unknown,N/A,unknown,,
v1/auth/token,request_token,request_token,PUBLIC,⚠️ VULNERABLE: No authentication required,"csrf_exempt, require_http_methods",None,api\views.py,85,function,PROTECTED,Returns HTTP 403 (Forbidden)
