L,Month,Start Dae,Start Time,End Date ,End Time ,Asset No ,Country ,Portfolio,DC Capacity,Site Name ,Category ,Subcatergory,Breakdown Equipment ,BD Description ,Action to be taken ,Status of BD ,Breakdown DC capacity (kW) ,irradiation during breakdown (kWh/M2) ,Budget PR (%) ,Generation Loss (kWh) ,PPA Rate in USD ,Revenue Loss in USD ,Severity,,,,,
8,25-Jan,28-Jan-25,6:30,31-Jan-25,18:00,KR_BW_06,-,-,-,-,Plant ,Inverter Failure,All Inverters ,Inverter production issue. Information not received from PEK team ,Response is pending from PEK Team ,Closed,996.4,13.25,-,-11661.59,-,-,0,,,,,
9,25-Jan,1-Jan-25,12:00,6-Jan-25,18:00,KR_BW_14,-,-,-,-,Plant ,Inverter Failure,94.5,Inverter-01 DC breaker malfunction due to stored energy motor failure ,"After the replacement of stored energy motor, resumed the inverter generation ",Closed,94.5,22.14,-,-1740.37,-,-,0,,,,,
10,25-Jan,1-Jan-25,12:00,31-Jan-25,12:00,KR_BW_15,-,-,-,-,Fire Incident ,AC Failure ,VCB ,VCB failure and inverters flash over happened ,PO awarded to vendor to replace the failure components ,Open,384.3,123.86,-,-12123.96,-,-,1,,,,,
11,25-Jan,2-Jan-25,6:00,6-Jan-25,18:00,KR_BW_16,-,-,-,-,Plant ,Inverter Failure,All Inverters ,Inverter production issue. Information not received from PEK team ,Response is pending from PEK Team ,Closed,997.92,12.01,-,-11460.11131,-,-,0,,,,,
12,25-Jan,28-Jan-25,6:00,31-Jan-25,18:00,KR_BW_19,-,-,-,-,Plant ,Inverter Failure,All Inverters ,Inverter production issue. Information not received from PEK team ,Response is pending from PEK Team ,Closed,,,-,-21862.15348,-,-,0,,,,,
13,25-Jan,8-Jan-25,6:00,8-Jan-25,18:00,KR_BW_19,-,-,-,-,Plant ,Inverter Failure,All Inverters ,Inverter production issue. Information not received from PEK team ,Response is pending from PEK Team ,Closed,,,-,-10903.94152,-,-,0,,,,,
14,25-Jan,9-Jan-25,6:00,14-Jan-25,18:00,KR_BW_20,-,-,-,-,Plant ,Inverter Failure,All Inverters ,All Inverters production issue. Information not received from PEK team ,Response is pending from PEK Team ,Closed,,,-,-5556.288105,-,-,0,,,,,
15,25-Jan,6-Jan-25,12:00,14-Jan-25,12:00,KR_BW_26,-,-,-,-,Plant ,Inverter Failure,Inverter-19 ,Inverter-19 PEBB failure occurred,Inverter-19 stack Magnetic contactor replaced and resumed the generation ,Closed,,,-,-44219.9736,-,-,1,,,,,
16,25-Jan,1-Jan-25,12:00,31-Jan-25,12:00,KR_BW_27,-,-,-,-,Plant ,Inverter Failure,Inverter-04,Inverter-04 Mother board got corrupted due to fuse failure ,New inverter replacement is in progress ,Open,,,-,-8196,-,-,0,,,,,
17,25-Jan,9-Jan-25,6:00,10-Jan-25,18:00,KR_BW_30,-,-,-,-,Plant ,Inverter Failure,All Inverters ,All Inverters production issue. Information not received from PEK team ,Response is pending from PEK Team ,Closed,,,-,-3041.123962,-,-,0,,,,,
18,25-Jan,27-Jan-25,6:00,28-Jan-25,18:00,KR_BW_30,-,-,-,-,Plant ,Inverter Failure,All Inverters ,All Inverters production issue. Information not received from PEK team ,Response is pending from PEK Team ,Closed,,,-,-2212.928282,-,-,0,,,,,
19,25-Jan,28-Jan-25,6:00,31-Jan-25,18:00,KR_BW_31,-,-,-,-,Plant ,Inverter Failure,All Inverters ,All Inverters production issue. Information not received from PEK team ,Response is pending from PEK Team ,Closed,,,-,-18529.34219,-,-,0,,,,,
20,25-Jan,20-Jan-25,6:00,20-Jan-25,18:00,KR_BW_31,-,-,-,-,Plant ,Inverter Failure,Inverter-01 ,Inverter#1 production issue compare to other two inverters ,Response is pending from PEK Team ,Closed,,,-,-4726.838301,-,-,0,,,,,
21,25-Jan,21-Jan-25,12:00,21-Jan-25,12:00,KR_BW_31,-,-,-,-,Plant ,Inverter Failure,Inverter-01 ,Inverter#1 production issue compare to other two inverters ,Response is pending from PEK Team ,Closed,,,-,-6251.917734,-,-,0,,,,,
22,25-Jan,22-Jan-25,12:00,23-Jan-25,12:00,KR_BW_31,-,-,-,-,Plant ,Inverter Failure,Inverter-01 ,Inverter#1 production issue compare to other two inverters ,Response is pending from PEK Team ,Closed,,,-,-12343.60969,-,-,0,,,,,
23,25-Jan,7-Jan-25,6:00,8-Jan-25,12:00,KR_BW_35,-,-,-,-,Plant ,Inverter Failure,Inverter-10 ,Inverter-10 malfunction ,"After restarted, inverter generation resumed",Closed,,,-,-97.25,-,-,0,,,,,
24,25-Jan,7-Jan-25,6:00,7-Jan-25,18:00,KR_BW_38,-,-,-,-,Plant ,Inverter Failure,Inverter,Inverter production issue. Information not received from PEK team ,Response is pending from PEK Team ,Closed,,,-,-410.4519552,-,-,0,,,,,
25,25-Jan,20-Jan-25,6:00,24-Jan-25,18:00,KR_BW_37,-,-,-,-,Plant ,Inverter Failure,Inverter,Inverter production issue. Information not received from PEK team ,Response is pending from PEK Team ,Closed,,,-,-4637.973624,-,-,0,,,,,
26,25-Jan,7-Jan-25,6:00,7-Jan-25,18:00,KR_BW_40,-,-,-,-,Plant ,Inverter Failure,Inverter,Inverter production issue. Information not received from PEK team ,Response is pending from PEK Team ,Closed,,,-,-67.72,-,-,0,,,,,
27,25-Jan,30-Jan-25,9:00,30-Jan-25,13:00,KR_BW_37,-,-,-,-,Plant ,Inverter Failure,Inverter-02 ,Inverter#2 is in off condition from 09:00 hrs to 13:00 hrs ,Breakdown details are yet to be published by PEK. ,Closed,,,-,-426.6003456,-,-,0,,,,,
28,25-Jan,8-Jan-25,6:00,9-Jan-25,18:00,KR_BW_31,-,-,-,-,Plant ,Inverter Failure,All Inverters ,All Inverters production issue. ,Response is pending from PEK Team ,Closed,,,-,-10217.19888,-,-,0,,,,,
34,25-Jan,10-Jan-25,6:00,10-Jan-25,18:00,KR_BW_31,-,-,-,-,Plant ,Inverter Failure,All Inverters ,All Inverters production issue. ,Response is pending from PEK Team ,Closed,,,-,-7885.166264,-,-,0,,,,,
35,25-Feb,1-Feb-25,6:00,5-Feb-25,10:04,JP-MINA,-,-,-,-,Plant ,Inverter Failure,PCS 5 & 6,PCS5 & PCS6 were in manually tripped due to FO cable damaged between PCS to USS ,Spare cable has been laid to resume the generation ,Closed,9410.64,6.85,-,-48326.29345,-,-,0,,,,,
36,25-Feb,12-Feb-25,12:27,12-Feb-25,13:38,JP-MINA,-,-,-,-,Plant ,Inverter Failure,PCS 6,PCS6 is tripped to low insulation resistance ,Automatically restarted as per site information ,Closed,4705.32,0.1,-,-365.0649939,-,-,0,,,,,
37,25-Feb,26-Feb-25,9:43,26-Feb-25,14:13,JP-MINA,-,-,-,-,Plant ,Inverter Failure,PCS 1,PCS1 Manually shut down due to software update,Restored after software update,Closed,4705.32,3.3,-,-11655.11959,-,-,0,,,,,
38,25-Feb,26-Feb-25,9:43,26-Feb-25,15:18,JP-MINA,-,-,-,-,Plant ,Inverter Failure,PCS 2,PCS2 Manually shut down due to software update,Restored after software update,Closed,4705.32,4.05,-,-14277.66747,-,-,0,,,,,
39,25-Feb,26-Feb-25,15:32,26-Feb-25,18:31,JP-MINA,-,-,-,-,Plant ,Inverter Failure,PCS 3,PCS3 Manually shut down due to software update,Restored after software update,Closed,4705.32,0.75,-,-2643.59751,-,-,0,,,,,
40,25-Feb,27-Feb-25,9:14,27-Feb-25,12:25,JP-MINA,-,-,-,-,Plant ,Inverter Failure,PCS 5,PCS5 Manually shut down due to software update,Restored after software update,Closed,4705.32,1.42,-,-5005.722847,-,-,0,,,,,
41,25-Feb,27-Feb-25,9:36,27-Feb-25,13:48,JP-MINA,-,-,-,-,Plant ,Inverter Failure,PCS 6 ,PCS6 Manually shut down due to software update,Restored after software update,Closed,4705.32,2.86,-,-10082.06839,-,-,0,,,,,
42,25-Feb,27-Feb-25,14:37,27-Feb-25,17:23,JP-MINA,-,-,-,-,Plant ,Inverter Failure,PCS 4,PCS4 Manually shut down due to software update,Restored after software update,Closed,4718.88,0.96,-,-3389.102532,-,-,0,,,,,
43,25-Feb,7-Feb-25,15:30,7-Feb-25,17:48,JP-MINA,-,-,-,-,Plant ,Inverter Failure,PCS 3,PCS3 is tripped due to low insulation resistance ,Automatically restarted as per monitoring portal,Closed,4705.32,0.19,-,-677.7062201,-,-,0,,,,,
44,25-Feb,19-Feb-25,13:00,19-Feb-25,15:00,KR_BW_26,-,-,-,-,Grid,Grid Curtailment ,All Equipment,"As per KEPCO requirement, 100% Curtailment applied ","After curtailment hours, plant is normalized ",Closed,25041.58,1.69,-,-35507.08064,-,-,0,,,,,
45,25-Feb,20-Feb-25,12:00,20-Feb-25,14:00,KR_BW_26,-,-,-,-,Grid,Grid Curtailment ,All Equipment,"As per KEPCO requirement, 100% Curtailment applied ","After curtailment hours, plant is normalized ",Closed,25041.58,1.79,-,-37441.35249,-,-,0,,,,,
46,25-Feb,26-Feb-25,12:00,6-Feb-25,14:00,KR_BW_26,-,-,-,-,Grid,Grid Curtailment ,All Equipment,"As per KEPCO requirement, 100% Curtailment applied ","After curtailment hours, plant is normalized ",Closed,25041.58,1.78,-,-37336.51391,-,-,0,,,,,
47,25-Feb,1-Feb-25,6:00,28-Feb-25,18:00,KR_BW_27,-,-,-,-,Plant ,Inverter Failure,Inverter-04 ,Inverter-04 Mother board got corrupted due to fuse failure ,New inverter replacement is in progress ,Open,98.28,,-,-8713,-,-,0,,,,,
49,25-Feb,1-Feb-25,6:00,28-Feb-25,18:00,KR_BW_15,-,-,-,-,Plant ,Inverter Failure,Outgoing VCB ,VCB failure and inverters flash over happened ,PO awarded to vendor to replace the failure components ,Closed,384.3,130,-,-36756.48403,-,-,,,,,,
50,25-Feb,3-Feb-25,,4-Feb-25,,KR_BW_26,-,-,-,-,Grid,Grid Outage,All Plant ,"February 3, 2025: An emergency power outage occurred due to a utility pole contact caused by strong winds on the high-voltage line (after the LBS).","February 4, 2025: Cable tension on the utility pole was alleviated, and insulating protective tubing was installed. Normal operation resumed after power was supplied to the substation.",Closed,25041.58,,-,-49000,-,-,0,,,,,
51,25-Feb,1-Feb-25,12:00,6-Feb-25,12:00,KR_BW_26,-,-,-,-,Plant ,Inverter Failure,,"Inverter-07 intermittent stops, inverter capacitors or higher confirmation ",/ normal operation after replacing capacitors,Closed,,,-,-5000,-,-,0,,,,,
52,25-Feb,7-Feb-25,12:00,10-Feb-25,12:00,KR_BW_26,-,-,-,-,Plant ,AC Failure ,Outgoing VCB ,2025-02-07 VCB OCGR occurs / telegraph cable due to strong winds ,2025-0210 Telegraph Cable Migration Measures and Normalized ,Closed,,,-,-98000,-,-,0,,,,,
53,25-Feb,5-Feb-25,12:00,6-Feb-25,12:00,KR_BW_26,-,-,-,-,Plant ,Inverter Failure,Inveter-14,2025-02-05 INV 14 Stop / MC or higher,2025-02-06 INV No. 14 Recovery / MC replacement (Normal operation after replacement),Closed,,,-,-710,-,-,0,,,,,
54,25-Feb,8-Feb-25,11:00,8-Feb-25,18:30,KR_BW_31,-,-,-,-,Plant ,Inverter Failure,Inverter-01,Inverter-01 tripped due to ground fault. ,"After the automatic restart by inverter, generation resumed. ",Closed,998.2,3.8,-,-2946.553557,-,-,0,,,,,
55,25-Feb,15-Feb-25,13:33,15-Feb-25,18:30,KR_BW_31,-,-,-,-,Plant ,Inverter Failure,Inverter-02,Inverter-02 tripped due to ground fault ,"After the automatic restart by inverter, generation resumed. ",Closed,992,0.84,-,-650.3444102,-,-,0,,,,,
56,25-Feb,16-Feb-25,13:25,16-Feb-25,18:30,KR_BW_31,-,-,-,-,Plant ,Inverter Failure,Inverter-02,Inverter-02 tripped due to ground fault ,"After the automatic restart by inverter, generation resumed. ",Closed,992,1.18,-,-908.9406172,-,-,0,,,,,
57,25-Feb,17-Feb-25,9:27,17-Feb-25,18:30,KR_BW_31,-,-,-,-,Plant ,Inverter Failure,Inverter-02,Inverter-02 tripped due to ground fault ,"After the automatic restart by inverter, generation resumed. ",Closed,992,5.92,-,-4559.476341,-,-,0,,,,,
58,25-Feb,18-Feb-25,10:28,17-Feb-25,18:30,KR_BW_31,-,-,-,-,Plant ,Inverter Failure,Inverter-02,Inverter-02 tripped due to ground fault ,"After the automatic restart by inverter, generation resumed. ",Closed,992,5.13,-,-3952.167068,-,-,0,,,,,
59,25-Feb,19-Feb-25,11:13,19-Feb-25,18:30,KR_BW_31,-,-,-,-,Plant ,Inverter Failure,Inverter-02,Inverter-02 tripped due to ground fault ,"After the automatic restart by inverter, generation resumed. ",Closed,992,4.71,-,-3628.183146,-,-,0,,,,,
60,25-Feb,21-Feb-25,8:45,21-Feb-25,18:30,KR_BW_31,-,-,-,-,Plant ,Inverter Failure,Inverter-01,Inverter-02 tripped due to ground fault ,"After the automatic restart by inverter, generation resumed. ",Closed,998.2,5.19,-,-4021.917308,-,-,0,,,,,
61,25-Feb,20-Feb-25,9:30,20-Feb-25,18:30,KR_BW_31,-,-,-,-,Plant ,Inverter Failure,Inverter-01,Inverter-01 tripped due to ground fault. ,"After the automatic restart by inverter, generation resumed. ",Closed,992,3.71,-,-2856.826502,-,-,0,,,,,
62,25-Feb,22-Feb-25,10:20,22-Feb-25,18:30,KR_BW_31,-,-,-,-,Plant ,Inverter Failure,Inverter-01,Inverter-01 tripped due to ground fault. ,"After the automatic restart by inverter, generation resumed. ",Closed,992,2.12,-,-1631.095897,-,-,0,,,,,
67,25-Feb,23-Feb-25,9:15,23-Feb-25,9:15,KR_BW_31,-,-,-,-,Plant ,Inverter Failure,Inverter-01,Inverter-01 tripped due to ground fault. ,"After the automatic restart by inverter, generation resumed. ",Closed,992,3.7,-,-2851.431052,-,-,0,,,,,
70,25-Mar,9-Mar-25,12:00,9-Mar-25,19:00,KR_BW_39,-,-,-,-,Grid,Grid Curtailment ,All Equipment,"As per KEPCO requirement, 100% Curtailment applied ","After curtailment hours, plant is normalized ",Closed,998.73,3.75,-,-3014.979251,-,-,,,,,,
71,25-Mar,9-Mar-25,12:00,9-Mar-25,19:00,KR_BW_13,-,-,-,-,Grid,Grid Curtailment ,All Equipment,"As per KEPCO requirement, 100% Curtailment applied ","After curtailment hours, plant is normalized ",Closed,993.33,3.75,-,-3012.83059,-,-,0,,,,,
72,25-Mar,9-Mar-25,15:00,9-Mar-25,18:00,KR_BW_16,-,-,-,-,Grid,Grid Curtailment ,All Equipment,"As per KEPCO requirement, 100% Curtailment applied ","After curtailment hours, plant is normalized ",Closed,997.92,1.19,-,-869.944797,-,-,0,,,,,
73,25-Mar,9-Mar-25,11:00,9-Mar-25,19:00,KR_BW_30,-,-,-,-,Grid,Grid Curtailment ,All Equipment,"As per KEPCO requirement, 100% Curtailment applied ","After curtailment hours, plant is normalized ",Closed,498.96,4.75,-,-1991.48562,-,-,0,,,,,
75,25-Mar,9-Mar-25,13:00,9-Mar-25,15:00,KR_IB_49,-,-,-,-,Grid,Grid Curtailment ,All Equipment,As per the KPX (Iceberg _PPA contractor),"After curtailment hours, plant is normalized ",Closed,99986,,-,-239000,-,-,0,,,,,
76,25-Mar,13-Mar-25,13:00,13-Mar-25,19:00,KR_BW_11,-,-,-,-,Plant ,Inverter Failure,Inverter-01 ,"Narin Solar Power Inverter Temporary Suspension Issue
Inverter inspection confirmed an alarm triggered at the ACB-side SPD","The issue was resolved on-site by turning the inverter control power ON/OFF, clearing the alarm and restoring normal operation.",Closed,250,9.7,82%,-1976.375,-,-,0,,,,,
77,25-Mar,17-Mar-25,10:00,18-Mar-25,13:00,KR_BW_13,-,-,-,-,Plant ,Inverter Failure,Inverter production issue, fuse in the control board’s power supply section had blown,"The fuse was replaced, and the system was restarted.",Closed,993,18.22,82%,-14781.53982,-,-,0,,,,,
79,25-Mar,1-Mar-25,7:42,1-Mar-25,9:47,JP-MINA,-,-,-,-,Plant ,Inverter Failure,PCS-03,PCS-3 Inverter tripped due to LIR ,"After the automatic restart by inverter, generation resumed. ",Closed,4705.32,0.55,-,-2057.002159,-,-,,,,,,
80,25-Mar,3-Mar-25,8:20,3-Mar-25,9:01,JP-MINA,-,-,-,-,Plant ,Inverter Failure,PCS-04,PCS4 Inverter tripped due to LIR ,"After the automatic restart by inverter, generation resumed. ",Closed,4718.88,0.02,-,-70.96380011,-,-,0,,,,,
81,25-Mar,8-Mar-25,9:40,8-Mar-25,10:51,JP-MINA,-,-,-,-,Plant ,Inverter Failure,PCS-03,PCS3 Inverter tripped due to LIR ,"After the automatic restart by inverter, generation resumed. ",Closed,4705.32,1.2,-,-4469.045125,-,-,0,,,,,
82,25-Mar,18-Mar-25,9:39,18-Mar-25,10:20,JP-MINA,-,-,-,-,Plant ,Inverter Failure,PCS-03,PCS-3 Inverter tripped due to LIR ,"After the automatic restart by inverter, generation resumed. ",Closed,4705.32,0.14,-,-528.8370065,-,-,0,,,,,
83,25-Mar,18-Mar-25,11:39,18-Mar-25,14:19,JP-MINA,-,-,-,-,Plant ,Inverter Failure,PCS-03,PCS-3 Inverter tripped due to LIR ,"After the automatic restart by inverter, generation resumed. ",Closed,4705.32,0.05,-,-175.0376007,-,-,0,,,,,
84,25-Mar,20-Mar-25,7:33,20-Mar-25,10:04,JP-MINA,-,-,-,-,Plant ,Inverter Failure,PCS-03,PCS-3 Inverter tripped due to LIR ,"After the automatic restart by inverter, generation resumed. ",Closed,4705.32,1.17,-,-4375.319317,-,-,0,,,,,
85,25-Mar,18-Mar-25,12:20,21-Mar-25,14:07,JP-MINA,-,-,-,-,Plant ,Inverter Failure,PCS-02,PCS-02 tripped due to PDP protection ,"After the board replacement, inverter started to produce generation ",Closed,4705.32,14.6,-,-54372.76165,-,-,0,,,,,
86,25-Mar,22-Mar-25,11:50,22-Mar-25,18:26,JP-MINA,-,-,-,-,Plant ,Inverter Failure,PCS-02,PCS-02 tripped due to PDP protection ,"After the board replacement, inverter started to produce generation ",Closed,4705.32,3.99,-,-14863.29924,-,-,0,,,,,
87,25-Mar,23-Mar-25,6:30,23-Mar-25,18:30,JP-MINA,-,-,-,-,Plant ,Inverter Failure,PCS-02,PCS-02 tripped due to PDP protection ,"After the board replacement, inverter started to produce generation ",Closed,4705.32,6.52,-,-24281.81185,-,-,0,,,,,
88,25-Mar,24-Mar-25,10:28,26-Mar-25,12:00,JP-MINA,-,-,-,-,Plant ,Inverter Failure,PCS-02,PCS-02 tripped due to PDP protection ,"After the board replacement, inverter started to produce generation ",Closed,4705.32,12.47,-,-46440.82726,-,-,0,,,,,
89,25-Mar,22-Mar-25,11:00,22-Mar-25,18:30,KR_BW_24,-,-,-,-,Grid,Grid Curtailment ,All Equipment,"As per KEPCO requirement, 100% Curtailment applied ","After curtailment hours, plant is normalized ",Closed,699.15,5.64,-,-2589.395776,-,-,0,,,,,
90,25-Mar,22-Mar-25,12:00,22-Mar-25,16:00,KR_BW_41,-,-,-,-,Grid,Grid Curtailment ,All Equipment,"As per KEPCO requirement, 100% Curtailment applied ","After curtailment hours, plant is normalized ",Closed,980.4,3.57,-,-2809.388219,-,-,0,,,,,
91,25-Mar,23-Mar-25,13:00,23-Mar-25,16:00,KR_BW_31,-,-,-,-,Grid,Grid Curtailment ,All Equipment,"As per KEPCO requirement, 100% Curtailment applied ","After curtailment hours, plant is normalized ",Closed,2994.6,1.94,-,-4667.718713,-,-,0,,,,,
92,25-Mar,23-Mar-25,11:00,23-Mar-25,15:00,KR_BW_26,-,-,-,-,Grid,Grid Curtailment ,All Equipment,"As per KEPCO requirement, 100% Curtailment applied ","After curtailment hours, plant is normalized ",Closed,25041.58,3.61,-,-74323.93676,-,-,0,,,,,
93,25-Mar,23-Mar-25,12:00,23-Mar-25,15:00,KR_BW_21,-,-,-,-,Grid,Grid Curtailment ,All Equipment,"As per KEPCO requirement, 100% Curtailment applied ","After curtailment hours, plant is normalized ",Closed,993.3,2.59,-,-2123.457982,-,-,0,,,,,
94,25-Mar,23-Mar-25,12:00,23-Mar-25,16:00,KR_BW_12,-,-,-,-,Grid,Grid Curtailment ,All Equipment,"As per KEPCO requirement, 100% Curtailment applied ","After curtailment hours, plant is normalized ",Closed,997.92,3.45,-,-2781.385394,-,-,0,,,,,
95,25-Mar,20-Mar-25,11:00,20-Mar-25,18:30,KR_BW_16,-,-,-,-,Grid,Grid Curtailment ,All Equipment,"As per KEPCO requirement, 100% Curtailment applied ","After curtailment hours, plant is normalized ",Closed,997.92,5.1,-,-3709.723334,-,-,0,,,,,
96,25-Mar,21-Mar-25,6:30,21-Mar-25,9:00,KR_BW_16,-,-,-,-,Grid,Grid Curtailment ,All Equipment,"As per KEPCO requirement, 100% Curtailment applied ","After curtailment hours, plant is normalized ",Closed,997.92,0.58,-,-425.4001904,-,-,0,,,,,
97,25-Mar,21-Mar-25,11:00,21-Mar-25,18:30,KR_BW_16,-,-,-,-,Grid,Grid Curtailment ,All Equipment,"As per KEPCO requirement, 100% Curtailment applied ","After curtailment hours, plant is normalized ",Closed,997.92,5.17,-,-3762.863166,-,-,0,,,,,
98,25-Mar,22-Mar-25,6:30,22-Mar-25,18:30,KR_BW_16,-,-,-,-,Grid,Grid Curtailment ,All Equipment,"As per KEPCO requirement, 100% Curtailment applied ","After curtailment hours, plant is normalized ",Closed,997.92,7.19,-,-5232.126729,-,-,0,,,,,
99,25-Mar,23-Mar-25,7:00,23-Mar-25,11:00,KR_BW_16,-,-,-,-,Grid,Grid Curtailment ,All Equipment,"As per KEPCO requirement, 100% Curtailment applied ","After curtailment hours, plant is normalized ",Closed,997.2,1.84,-,-1337.243254,-,-,0,,,,,
100,25-Mar,19-Mar-25,11:00,24-Mar-25,11:00,KR_BW_23,-,-,-,-,Plant ,Inverter Failure,All Equipment,Site was not generating in this period and need to investigate as per PEK comments. Breakdown occurred site and it is resumed. Details are yet to be published by site team. ,Generation is resumed. ,Closed,96.75,50.9,83%,-4067.69895,-,-,0,,,,,
101,25-Mar,23-Mar-25,12:00,23-Mar-25,13:00,KR_IB_49,-,-,-,-,Grid,Grid Curtailment ,All Equipment,"As per KEPCO requirement, 100% Curtailment applied ","After curtailment hours, plant is normalized ",Closed,99986,,-,-124000,-,-,0,,,,,
102,25-Mar,9-Mar-25,13:50,12-Mar-25,18:30,KR_BW_28,-,-,-,-,Plant ,AC Failure ,All Equipment,"Due to BESS fire incident, PV plant was in off condition for inspection and safety purpose ","After the inspection and testing, plant generation is resumed ",Closed,-,43.86,82%,-59378.5452,-,-,0,,,,,
103,25-Mar,13-Mar-25,6:30,31-Mar-25,18:30,KR_BW_28,-,-,-,-,Plant ,String Failure ,10 Strings ,"Due to BESS fire incident, PV tables near bess station are damaged. ",Need to rectify the same ,Open,60.3,110.85,82%,-5481.0891,-,-,0,,,,,
104,25-Mar,1-Mar-25,6:30,31-Mar-25,18:30,JP-MINA,-,-,-,-,Plant ,String Failure ,PCS1 JB01 to JB07,string failure due to typhoon ,Need to rectify the same ,Open,3769.68,121.09,-,-243746.7036,-,-,0,,,,,
105,25-Mar,1-Mar-25,6:30,31-Mar-25,18:30,KR_BW_01,-,-,-,-,Plant ,Inverter Failure,Inverter-01,Inverter 1 underperforming on the site,Need to analyse in the site to find out root cause ,Open,97.2,,81%,-2198,-,-,0,,,,,
106,25-Mar,1-Mar-25,6:30,31-Mar-25,18:30,KR_BW_03,-,-,-,-,Plant ,String Failure ,Inverter-01,Inverter 1 underperforming on the site,Need to analyse in the site to find out root cause ,Open,49.5,,-,-96.81,-,-,0,,,,,
107,25-Mar,1-Mar-25,6:30,31-Mar-25,18:30,KR_BW_04,-,-,-,-,Plant ,String Failure ,Inverter-01 & 02,"Inverter 1, 2 underperforming on the site",Need to analyse in the site to find out root cause ,Open,191.3,,-,-1848.17,-,-,0,,,,,
108,25-Mar,1-Mar-25,6:30,31-Mar-25,18:30,KR_BW_05,-,-,-,-,Plant ,Inverter Failure,"Inverter-1,4,13","Inverter 1,4,13 underperforming on the site",Need to analyse in the site to find out root cause ,Open,190.8,,-,-4484.5,-,-,0,,,,,
109,25-Mar,1-Mar-25,6:30,31-Mar-25,18:30,KR_BW_06,-,-,-,-,Plant ,Inverter Failure,"Inverter1,5,13,14","Inverter 1,5,13,14 underperforming on the site",Need to analyse in the site to find out root cause ,Open,254.4,,-,-6122.94,-,-,0,,,,,
110,25-Mar,1-Mar-25,6:30,31-Mar-25,18:30,KR_BW_07,-,-,-,-,Plant ,Inverter Failure,"Inverter-1,3,11","Inverter -1,3,11 underperforming on the site",Need to analyse in the site to find out root cause ,Open,275.6,,-,-762.1,-,-,0,,,,,
111,25-Mar,1-Mar-25,6:30,11-Mar-25,18:30,KR_BW_15,-,-,-,-,Plant ,Inverter Failure,VCB ,Due to VCB failure and fire incident at site ,"VCB , Inverter & Transformer spacer is replaced. ",Closed,384.3,64.78,79%,-19667.01366,-,-,0,,,,,
112,25-Mar,12-Mar-25,6:30,31-Mar-25,18:30,KR_BW_15,-,-,-,-,Plant ,String Failure ,Strings ,"Due to fire incident, 104.475 kWp capacity of faulty solar modules has been isolated. ",Need to replace the faulty modules ,Open,104.475,123.49,79%,-10192.57515,-,-,0,,,,,
113,25-Mar,1-Mar-25,6:30,31-Mar-25,18:30,KR_BW_23,-,-,-,-,Plant ,String Failure ,Inverter-01 ,Inverter 1 underperforming on the site,Need to analyse in the site to find out root cause ,Open,51.6,,-,-314.66,-,-,0,,,,,
114,25-Mar,1-Mar-25,6:30,31-Mar-25,18:30,KR_BW_08,-,-,-,-,Plant ,Inverter Failure,"Inverter-1,2,10,11","Inverter 1,2,10,11 Underperforming on the site",Need to analyse in the site to find out root cause ,Open,360.4,,-,-6119.62,-,-,0,,,,,
115,25-Mar,1-Mar-25,6:30,31-Mar-25,18:30,KR_BW_09,-,-,-,-,Plant ,Inverter Failure,Inverter-01 ,Inverter 1 underperforming on the site,Need to analyse in the site to find out root cause ,Open,595.35,,-,-5247.648,-,-,0,,,,,
116,25-Mar,1-Mar-25,6:30,31-Mar-25,18:30,KR_BW_10,-,-,-,-,Plant ,Inverter Failure,Inverter-02,Inverter 2 underperforming on the site,Need to analyse in the site to find out root cause ,Open,49.28,,-,-80.99,-,-,0,,,,,
117,25-Mar,1-Mar-25,6:30,31-Mar-25,18:30,KR_BW_11,-,-,-,-,Plant ,Inverter Failure,Inverter-01 ,Inverter 1 underperforming on the site,Need to analyse in the site to find out root cause ,Open,250,,-,-794.81,-,-,0,,,,,
118,25-Mar,1-Mar-25,6:30,31-Mar-25,18:30,KR_BW_14,-,-,-,-,Plant ,Inverter Failure,"Inverter-01,03","Inverter 1,3 Underperforming on the site",Need to analyse in the site to find out root cause ,Open,192.15,,81%,-2020.57,-,-,0,,,,,
119,25-Mar,1-Mar-25,6:30,31-Mar-25,18:30,KR_BW_19,-,-,-,-,Plant ,Inverter Failure,"Inverter-02, 03","inverter 2,3 Unperforming on the site",Need to analyse in the site to find out root cause ,Open,1940.6,,-,-6149.4,-,-,0,,,,,
120,25-Mar,1-Mar-25,6:30,31-Mar-25,18:30,KR_BW_20,-,-,-,-,Plant ,Inverter Failure,"Inverter-01, 04","Inverter 1,4 Underperforming on the site",Need to analyse in the site to find out root cause ,Open,132.8,,-,-1508.41,-,-,0,,,,,
121,25-Mar,1-Mar-25,6:30,31-Mar-25,18:30,KR_BW_21,-,-,-,-,Plant ,Inverter Failure,"Inverter 1,9,10,14,15,16,18","Inverter 1,9,10,14,15,16,18",Need to analyse in the site to find out root cause ,Open,380.55,,-,-3107.41,-,-,0,,,,,
122,25-Mar,1-Mar-25,6:30,31-Mar-25,18:30,KR_BW_24,-,-,-,-,Plant ,Inverter Failure,Inverter-01 ,Inverter 1 underperforming on the site,Need to analyse in the site to find out root cause ,Open,260.19,,86%,-1998.07,-,-,0,,,,,
123,25-Mar,1-Mar-25,6:30,31-Mar-25,18:30,KR_BW_25,-,-,-,-,Plant ,Inverter Failure,Inverter-01 ,Inverter 1 underperforming on the site,Need to analyse in the site to find out root cause ,Open,31.5,,-,-292.32,-,-,0,,,,,
124,25-Mar,1-Mar-25,6:30,31-Mar-25,18:30,KR_BW_35,-,-,-,-,Plant ,Inverter Failure,Inverter-05 & 12,"Inverter 5,12 underperforming on the site",Need to analyse in the site to find out root cause ,Open,127.2,,-,-2979.46,-,-,0,,,,,
125,25-Mar,26-Mar-25,12:00,26-Mar-25,13:00,KR_IB_49,-,-,-,-,Grid,Grid Curtailment ,All Equipment,"As per KEPCO requirement, 100% Curtailment applied ","After curtailment hours, plant is normalized ",Closed,99986,,-,-92000,-,-,0,,,,,
126,25-Mar,30-Mar-25,11:00,30-Mar-25,14:00,KR_IB_49,-,-,-,-,Grid,Grid Curtailment ,All Equipment,"As per KEPCO requirement, 100% Curtailment applied ","After curtailment hours, plant is normalized ",Closed,99986,,-,-251000,-,-,0,,,,,
127,25-Mar,30-Mar-25,11:00,30-Mar-25,15:00,KR_BW_34,-,-,-,-,Grid,Grid Curtailment ,All Equipment,"As per KEPCO requirement, 100% Curtailment applied ","After curtailment hours, plant is normalized ",Closed,993.75,3.14,-,-2707.441658,-,-,0,,,,,
128,25-Mar,30-Mar-25,11:00,30-Mar-25,14:00,KR_BW_28,-,-,-,-,Grid,Grid Curtailment ,All Equipment,"As per KEPCO requirement, 100% Curtailment applied ","After curtailment hours, plant is normalized ",Closed,9895.23,2.39,-,-18914.34337,-,-,0,,,,,
129,25-Mar,27-Mar-25,12:00,31-Mar-25,12:00,JP-MINA,-,-,-,-,Plant ,Inverter Failure,PCS-02,PCS-02 tripped due to PDP protection ,"After the board replacement, inverter started to produce generation ",Closed,4705.32,18.57,-,-69158.47331,-,-,0,,,,,
133,25-Mar,30-Mar-25,12:00,30-Mar-25,12:00,KR_BW_39,-,-,-,-,Plant ,Inverter Failure,All Inverters ,All Inverters not produced after 8 am,Breakdown details are yet to be published by PEK. ,Open,-,8.31,-,-916.0624669,-,-,0,,,,,
134,25-Apr,1-Apr-25,6:30,30-Apr-25,18:30,JP-MINA,-,-,-,-,Grid,Grid Curtailment ,All Equipment,Apr-25 Grid Curtailment ,"After the curtailment hours, plant is normalised. ",Closed,,,,-273433.0432,-,-,0,,,,,
141,25-Apr,4-Apr-25,12:11,4-Apr-25,13:27,KR_BW_11,-,-,-,-,Grid,Grid Curtailment ,All Inverters ,"As per KEPCO requirement, 100% Curtailment applied ","After curtailment hours, plant is normalized ",Closed,751.41,0.98,-,-576.7941693,-,-,0,,,,,
142,25-Apr,6-Apr-25,12:00,6-Apr-25,14:00,KR_IB_49,-,-,-,-,Grid,Grid Curtailment ,All Inverters ,"As per KEPCO requirement, 100% Curtailment applied ","After curtailment hours, plant is normalized ",Closed,99986,,-,-197000,-,-,0,,,,,
143,25-Apr,1-Apr-25,6:30,1-Apr-25,18:30,JP-MINA,-,-,-,-,Plant ,Inverter Failure,PCS-02 ,PCS-02 tripped due to PDP protection ,"After the board replacement, inverter started to produce generation ",Closed,4705.32,2.08,-,-7051.190762,-,-,0,,,,,
144,25-Apr,1-Apr-25,8:26,1-Apr-25,9:07,JP-MINA,-,-,-,-,Plant ,Inverter Failure,PCS-03,PCS-03 tripped on low insulation resistance ,"After the automatic restart by inverter, generation resumed. ",Closed,4705.32,0.15,-,-515.0700427,-,-,0,,,,,
145,25-Apr,2-Apr-25,6:30,2-Apr-25,18:30,JP-MINA,-,-,-,-,Plant ,Inverter Failure,PCS-02,PCS-02 tripped due to PDP protection ,"After the board replacement, inverter started to produce generation ",Closed,4705.32,,-,-16414.84,-,-,0,,,,,
146,25-Apr,7-Apr-25,11:00,7-Apr-25,13:13,KR_BW_41,-,-,-,-,Grid,Grid Curtailment ,All Inverters ,"As per KEPCO requirement, 100% Curtailment applied ","After curtailment hours, plant is normalized ",Closed,980.4,2.24,-,-1727.676154,-,-,0,,,,,
147,25-Apr,7-Apr-25,10:58,7-Apr-25,14:12,KR_BW_42,-,-,-,-,Grid,Grid Curtailment ,All Inverters ,"As per KEPCO requirement, 100% Curtailment applied ","After curtailment hours, plant is normalized ",Closed,980.4,3.17,-,-2449.063451,-,-,0,,,,,
148,25-Apr,7-Apr-25,11:04,7-Apr-25,15:00,KR_BW_34,-,-,-,-,Grid,Grid Curtailment ,All Inverters ,"As per KEPCO requirement, 100% Curtailment applied ","After curtailment hours, plant is normalized ",Closed,993.75,3.8,-,-3224.156025,-,-,0,,,,,
149,25-Apr,8-Apr-25,12:00,8-Apr-25,13:10,KR_BW_13,-,-,-,-,Grid,Grid Curtailment ,All Inverters ,"As per KEPCO requirement, 100% Curtailment applied ","After curtailment hours, plant is normalized ",Closed,-,1.23,-,-963.0968886,-,-,0,,,,,
150,25-Apr,10-Apr-25,14:55,10-Apr-25,16:15,JP-MINA,-,-,-,-,Plant ,Inverter Failure,PCS-03,PCS-03 tripped on low insulation resistance ,"After the automatic restart by inverter, generation resumed. ",Closed,4705.32,0.16,-,-537.8420731,-,-,0,,,,,
151,25-Apr,13-Apr-25,11:00,13-Apr-25,13:32,KR_BW_11,-,-,-,-,Grid,Grid Curtailment ,All Inverters ,"As per KEPCO requirement, 100% Curtailment applied ","After curtailment hours, plant is normalized ",Closed,751.41,1.32,-,-776.9883438,-,-,0,,,,,
152,25-Apr,13-Apr-25,11:00,13-Apr-25,13:00,KR_IB_49,-,-,-,-,Grid,Grid Curtailment ,All Inverters ,"As per KEPCO requirement, 100% Curtailment applied ","After curtailment hours, plant is normalized ",Closed,-,,-,-219000,-,-,0,,,,,
153,25-Apr,20-Apr-25,13:34,21-Apr-25,15:15,KR_BW_05,-,-,-,-,Plant ,Inverter Failure,All Inverters ,System failure,Restored by O&M contractor,Closed,-,7.52,-,-6228.278336,-,-,0,,,,,
154,25-Apr,22-Apr-25,9:10,22-Apr-25,16:40,SG_DG_ONS_00055,-,-,-,-,Plant ,Inverter Failure,All Inverters ,Inverters shutdown due to panel maintenance,Restored after the maintenance,Closed,-,3.43,-,-2197.749601,-,-,0,,,,,
155,25-Apr,23-Apr-25,9:35,23-Apr-25,18:00,SG_DG_ONS_00055,-,-,-,-,Plant ,Inverter Failure,All Inverters ,Inverters shutdown due to panel maintenance,Restored after the maintenance,Closed,-,2.63,-,-1682.591969,-,-,0,,,,,
156,25-Apr,24-Apr-25,6:00,24-Apr-25,18:00,SG_DG_ONS_00055,-,-,-,-,Plant ,Inverter Failure,All Inverters ,Inverters shutdown due to panel maintenance,Restored after the maintenance,Closed,-,5.2,-,-3331.224541,-,-,0,,,,,
157,25-Apr,25-Apr-25,10:15,25-Apr-25,11:25,SG_DG_ONS_00055,-,-,-,-,Plant ,Inverter Failure,All Inverters ,Inverters shutdown due to panel maintenance,Restored after the maintenance,Closed,-,0.15,-,-96.75224192,-,-,0,,,,,
158,25-Apr,26-Apr-25,10:07,26-Apr-25,13:37,KR_BW_11,-,-,-,-,Plant ,Grid Curtailment ,All Inverters ,"As per KEPCO requirement, 100% Curtailment applied ","After curtailment hours, plant is normalized ",Closed,751.41,3.55,-,-2085.739404,-,-,0,,,,,
159,25-Apr,26-Apr-25,10:26,26-Apr-25,13:30,KR_BW_39,-,-,-,-,Plant ,Grid Curtailment ,All Inverters ,"As per KEPCO requirement, 100% Curtailment applied ","After curtailment hours, plant is normalized ",Closed,-,3.25,-,-2490.894149,-,-,0,,,,,
160,25-Apr,27-Apr-25,11:09,27-Apr-25,13:35,KR_BW_41,-,-,-,-,Plant ,Grid Curtailment ,All Inverters ,"As per KEPCO requirement, 100% Curtailment applied ","After curtailment hours, plant is normalized ",Closed,980.4,2.32,-,-1790.921442,-,-,0,,,,,
161,25-Apr,27-Apr-25,11:07,27-Apr-25,14:35,KR_BW_42,-,-,-,-,Plant ,Grid Curtailment ,All Inverters ,"As per KEPCO requirement, 100% Curtailment applied ","After curtailment hours, plant is normalized ",Closed,980.4,2.32,-,-1793.919664,-,-,0,,,,,
162,25-Apr,27-Apr-25,11:10,27-Apr-25,13:55,KR_BW_13,-,-,-,Polished Solar Power,Plant ,Grid Curtailment ,All Inverters ,"As per KEPCO requirement, 100% Curtailment applied ","After curtailment hours, plant is normalized ",Closed,993.33,2.71,-,-2123.511189,-,-,0,,,,,
163,25-Apr,27-Apr-25,11:12,27-Apr-25,14:52,KR_BW_16,-,-,-,-,Plant ,Grid Curtailment ,All Inverters ,"As per KEPCO requirement, 100% Curtailment applied ","After curtailment hours, plant is normalized ",Closed,-,3.06,-,-2192.407702,-,-,0,,,,,
164,25-Apr,26-Apr-25,12:00,26-Apr-25,13:00,KR_BW_26,-,-,-,-,Plant ,Grid Curtailment ,All Inverters ,"As per KEPCO requirement, 100% Curtailment applied ","After curtailment hours, plant is normalized ",Closed,-,1.15,-,-23053.12575,-,-,0,,,,,
165,25-Apr,1-Apr-25,6:30,30-Apr-25,18:30,KR_BW_01,-,-,-,-,Plant ,Inverter Failure,Inverter-01,Inverter 1 underperforming on the site,Need to analyse in the site to find out root cause ,Open,97.2,,-,-2857,-,-,0,,,,,
166,25-Apr,1-Apr-25,6:30,30-Apr-25,18:30,KR_BW_04,-,-,-,-,Plant ,String Failure ,Inverter-01 & 02,"Inverter 1, 2 underperforming on the site",Need to analyse in the site to find out root cause ,Open,191.3,,-,-1900.62,-,-,0,,,,,
167,25-Apr,1-Apr-25,6:30,30-Apr-25,18:30,KR_BW_05,-,-,-,-,Plant ,Inverter Failure,"Inverter-1,4,13","Inverter 1,4,13 underperforming on the site",Need to analyse in the site to find out root cause ,Open,190.8,,-,-4804.7,-,-,0,,,,,
168,25-Apr,1-Apr-25,6:30,30-Apr-25,18:30,KR_BW_06,-,-,-,-,Plant ,Inverter Failure,"Inverter1,5,13,14","Inverter 1,5,13,14 underperforming on the site",Need to analyse in the site to find out root cause ,Open,254.4,,-,-6676.1,-,-,0,,,,,
169,25-Apr,1-Apr-25,6:30,30-Apr-25,18:30,KR_BW_08,-,-,-,-,Plant ,Inverter Failure,"Inverter-1,2","Inverter 1,2 Underperforming on the site",Need to analyse in the site to find out root cause ,Open,190.8,,-,-3239.27,-,-,0,,,,,
170,25-Apr,1-Apr-25,6:30,30-Apr-25,18:30,KR_BW_09,-,-,-,-,Plant ,Inverter Failure,Inverter-01 ,Inverter 1 underperforming on the site,Need to analyse in the site to find out root cause ,Open,595.35,,-,-5706.4,-,-,0,,,,,
171,25-Apr,1-Apr-25,6:30,30-Apr-25,18:30,KR_BW_14,-,-,-,-,Plant ,Inverter Failure,"Inverter-01,03","Inverter 1,3 Underperforming on the site",Need to analyse in the site to find out root cause ,Open,192.15,,-,-2340.03,-,-,0,,,,,
172,25-Apr,1-Apr-25,6:30,30-Apr-25,18:30,KR_BW_19,-,-,-,-,Plant ,Inverter Failure,Inverter- 03,Inverter 3 Unperforming on the site,Need to analyse in the site to find out root cause ,Open,967.2,,-,-3928.6,-,-,0,,,,,
173,25-Apr,1-Apr-25,6:30,30-Apr-25,18:30,KR_BW_20,-,-,-,-,Plant ,Inverter Failure,"Inverter-01, 04","Inverter 1,4 Underperforming on the site",Need to analyse in the site to find out root cause ,Open,132.8,,-,-2076.47,-,-,0,,,,,
174,25-Apr,1-Apr-25,6:30,30-Apr-25,18:30,KR_BW_21,-,-,-,-,Plant ,Inverter Failure,"Inverter 9,10,15,16,18","Inverter 9,10,15,16,18",Need to analyse in the site to find out root cause ,Open,270.9,,-,-2868.58,-,-,0,,,,,
175,25-Apr,1-Apr-25,6:30,30-Apr-25,18:30,KR_BW_24,-,-,-,-,Plant ,Inverter Failure,Inverter-01 ,Inverter 1 underperforming on the site,Need to analyse in the site to find out root cause ,Open,260.19,,-,-2265.98,-,-,0,,,,,
176,25-Apr,1-Apr-25,6:30,30-Apr-25,18:30,KR_BW_30,-,-,-,-,Plant ,Inverter Failure,"Inverter 2,3,4,7","Inverter 2,3,4,7 Unperforming on the site",Need to analyse in the site to find out root cause ,Open,207.36,,-,-2842.34,-,-,0,,,,,
177,25-Apr,1-Apr-25,6:30,30-Apr-25,18:30,KR_BW_35,-,-,-,-,Plant ,Inverter Failure,"Inverter 5,12","Inverter 5,12 underperforming on the site",Need to analyse in the site to find out root cause ,Open,127.2,,-,-3626.73,-,-,0,,,,,
178,25-Apr,1-Apr-25,6:30,30-Apr-25,18:30,KR_BW_15,-,-,-,-,Plant ,String Failure ,"Inverter 1,4","(Due to fire incident, 104.475 kWp capacity of faulty solar modules has been isolated.)",Rectification of damaged modules need to be done in the site,Open,156.275,,-,-7879.15,-,-,0,,,,,
179,25-Apr,1-Apr-25,6:30,30-Apr-25,18:30,KR_BW_28,-,-,-,-,Plant ,String Failure ,,"Due to BESS fire incident, PV tables near bess station are damaged. ",Need to rectify the same ,Open,60.3,179.52,-,-8462.437233,-,-,0,,,,,
180,25-Apr,1-Apr-25,6:30,30-Apr-25,18:30,JP-MINA,-,-,-,-,Plant ,String Failure ,All PCS,string failure due to typhoon ,Need to rectify the same ,Open,3769.68,162.22,-,-439620.3753,-,-,0,,,,,
181,25-Apr,1-Apr-25,6:30,30-Apr-25,18:30,JP-MINA,-,-,-,-,Plant ,String Failure ,PCS1 JB1 to JB7,string failure due to typhoon ,Need to rectify the same ,Open,1695,162.22,-,-197671.032,-,-,0,,,,,
182,25-Apr,1-Apr-25,6:30,30-Apr-25,18:30,KR_BW_31,-,-,-,-,Plant ,String Failure ,,string failure as per inspection report ,Need to rectify the same ,Open,310,176.46,-,-42174.14109,-,-,0,,,,,
183,25-Apr,1-Apr-25,6:30,30-Apr-25,18:30,KR_BW_31,-,-,-,-,Plant ,AC Failure ,MCCB-02 ,MCCB-02 Tripped,Need to rectify the same ,Open,111.6,176.46,-,-15182.69079,-,-,0,,,,,
184,25-Apr,1-Apr-25,7:49,1-Apr-25,8:23,KR_IB_49,-,-,-,-,Plant ,Inverter Failure,P3-1-L02,INV_1  Ins Fault,Inverter Production resumed,Open,3.97488,,-,-840,-,-,0,,,,,
185,25-Apr,1-Apr-25,8:12,1-Apr-25,8:27,KR_IB_49,-,-,-,-,Plant ,Inverter Failure,P6-3-L02,INV_2   Ins Fault,Inverter Production resumed,Open,4.01856,,-,-360,-,-,0,,,,,
186,25-Apr,2-Apr-25,7:47,2-Apr-25,8:55,KR_IB_49,-,-,-,-,Plant ,Inverter Failure,P1-1-L01,INV_2   Ins Fault,Inverter Production resumed,Open,4.11684,,-,-2100,-,-,0,,,,,
187,25-Apr,3-Apr-25,13:47,3-Apr-25,14:08,KR_IB_49,-,-,-,-,Plant ,Inverter Failure,P2-1-L02,INV_2  Gnd-Fault,Inverter Production resumed,Open,4.11684,,-,-1320,-,-,0,,,,,
188,25-Apr,7-Apr-25,10:21,7-Apr-25,10:42,KR_IB_49,-,-,-,-,Plant ,Inverter Failure,P2-1-L01,INV_2  Gnd-Fault,Inverter Production resumed,Open,2.87469,,-,-2050,-,-,0,,,,,
189,25-Apr,9-Apr-25,10:04,9-Apr-25,10:16,KR_IB_49,-,-,-,-,Plant ,Inverter Failure,P6-3-L01,INV_1  Gnd-Fault,Inverter Production resumed,Open,4.01856,,-,-820,-,-,0,,,,,
190,25-Apr,11-Apr-25,7:17,11-Apr-25,7:27,KR_IB_49,-,-,-,-,Plant ,Inverter Failure,P3-1-L02,INV_1  Ins Fault,Inverter Production resumed,Open,3.97488,,-,-70,-,-,0,,,,,
191,25-Apr,12-Apr-25,7:11,12-Apr-25,8:38,KR_IB_49,-,-,-,-,Plant ,Inverter Failure,P1-1-L01,INV_1  Gnd-Fault,Inverter Production resumed,Open,4.11684,,-,-1190,-,-,0,,,,,
192,25-Apr,13-Apr-25,10:38,13-Apr-25,13:17,KR_IB_49,-,-,-,-,Plant ,Inverter Failure,P2-1-L02,INV_2   No Grid,Inverter Production resumed,Open,4.11684,,-,-510,-,-,0,,,,,
193,25-Apr,18-Apr-25,18:17,18-Apr-25,20:02,KR_IB_49,-,-,-,-,Plant ,Inverter Failure,P6-3-L01,INV_1  Gnd-Fault,Inverter Production resumed,Open,4.01856,,-,-100,-,-,0,,,,,
194,25-Apr,19-Apr-25,9:05,19-Apr-25,9:27,KR_IB_49,-,-,-,-,Plant ,Inverter Failure,P6-3-L01,INV_1  Gnd-Fault,Inverter Production resumed,Open,4.01856,,-,-120,-,-,0,,,,,
195,25-Apr,20-Apr-25,13:29,20-Apr-25,13:45,KR_IB_49,-,-,-,-,Plant ,Inverter Failure,P1-1-L02,INV_1  Gnd-Fault,Inverter Production resumed,Open,4.11684,,-,-670,-,-,0,,,,,
196,25-Apr,22-Apr-25,10:44,22-Apr-25,14:26,KR_IB_49,-,-,-,-,Plant ,Inverter Failure,P1-1-L01,INV_2  Gnd-Fault,Inverter Production resumed,Open,4.11684,,-,-1880,-,-,0,,,,,
197,25-Apr,22-Apr-25,11:58,22-Apr-25,14:27,KR_IB_49,-,-,-,-,Plant ,Inverter Failure,P6-3-L01,INV_1  Gnd-Fault,Inverter Production resumed,Open,4.01856,,-,-1120,-,-,0,,,,,
198,25-Apr,22-Apr-25,17:00,22-Apr-25,17:13,KR_IB_49,-,-,-,-,Plant ,Inverter Failure,P3-1-L02,INV_1  Ins Fault,Inverter Production resumed,Open,3.97488,,-,-50,-,-,0,,,,,
199,25-Apr,23-Apr-25,8:57,23-Apr-25,9:13,KR_IB_49,-,-,-,-,Plant ,Inverter Failure,P5-3-L03,INV_2   No Grid,Inverter Production resumed,Open,3.68368,,-,-680,-,-,0,,,,,
200,25-Apr,23-Apr-25,9:28,23-Apr-25,9:41,KR_IB_49,-,-,-,-,Plant ,Inverter Failure,P1-1-L01,INV_2   No Grid,Inverter Production resumed,Open,4.11684,,-,-1580,-,-,0,,,,,
201,25-Apr,23-Apr-25,9:45,23-Apr-25,9:55,KR_IB_49,-,-,-,-,Plant ,Inverter Failure,P2-1-L01,INV_2   No Grid,Inverter Production resumed,Open,2.87469,,-,-1330,-,-,0,,,,,
202,25-Apr,24-Apr-25,7:22,24-Apr-25,7:42,KR_IB_49,-,-,-,-,Plant ,Inverter Failure,P6-3-L02,INV_2   Ins Fault,Inverter Production resumed,Open,4.01856,,-,-480,-,-,0,,,,,
203,25-Apr,24-Apr-25,18:44,24-Apr-25,20:08,KR_IB_49,-,-,-,-,Plant ,Inverter Failure,P1-1-L01,INV_2  Gnd-Fault,Inverter Production resumed,Open,4.11684,,-,-600,-,-,0,,,,,
204,25-Apr,25-Apr-25,12:45,25-Apr-25,13:07,KR_IB_49,-,-,-,-,Plant ,Inverter Failure,P1-1-L01,INV_2  Gnd-Fault,Inverter Production resumed,Open,4.11684,,-,-2260,-,-,0,,,,,
205,25-Apr,6-Apr-25,10:20,6-Apr-25,14:10,KR_BW_24,-,-,-,-,Grid,Grid Curtailment ,All Equipment,"As per KEPCO requirement, 100% Curtailment applied ","After curtailment hours, plant is normalized ",Closed,699.15,3.92,-,-1964.411996,-,-,0,,,,,
206,25-Apr,6-Apr-25,10:20,6-Apr-25,14:15,KR_BW_12,-,-,-,-,Grid,Grid Curtailment ,All Equipment,"As per KEPCO requirement, 100% Curtailment applied ","After curtailment hours, plant is normalized ",Closed,-,3.7,-,-2911.811573,-,-,0,,,,,
207,25-Apr,8-Apr-25,12:02,8-Apr-25,13:08,KR_BW_39,-,-,-,-,Grid,Grid Curtailment ,All Equipment,"As per KEPCO requirement, 100% Curtailment applied ","After curtailment hours, plant is normalized ",Closed,-,1.03,-,-790.6382043,-,-,0,,,,,
208,25-Apr,11-Apr-25,6:00,11-Apr-25,18:00,KR_BW_26,-,-,-,-,Plant ,Inverter Failure,Inv 1-6,Inverter Down check,Information awaiting from the Peak time,Closed,5967.36,7.1,-,-33901.74529,-,-,0,,,,,
209,25-Apr,25-Apr-25,6:00,25-Apr-25,18:00,KR_BW_26,-,-,-,-,Plant ,Inverter Failure,INV 1-7,Inverter Down check,Information awaiting from the Peak time,Closed,6979.68,7.6,-,-42445.39438,-,-,0,,,,,
210,25-Apr,11-Apr-25,6:00,11-Apr-25,18:00,KR_BW_27,-,-,-,-,Plant ,Inverter Failure,INV 4,Inverter Down check,Information awaiting from the Peak time,Closed,98.28,6.6,-,-446.646748,-,-,0,,,,,
211,25-Apr,18-Apr-25,6:00,19-Apr-25,18:00,KR_BW_27,-,-,-,-,Plant ,Inverter Failure,INV 4,Inverter Down check,Information awaiting from the Peak time,Closed,98.28,13.74,-,-929.8373208,-,-,0,,,,,
212,25-Apr,24-Apr-25,12:00,24-Apr-25,14:00,KR_IB_49,-,-,-,-,Grid,Grid Curtailment ,All Equipment,"As per KEPCO requirement, 100% Curtailment applied ","After curtailment hours, plant is normalized ",Closed,99986,,-,-160760.6659,-,-,0,,,,,
213,25-Apr,29-Apr-25,12:00,29-Apr-25,13:00,KR_IB_49,-,-,-,-,Grid,Grid Curtailment ,All Equipment,"As per KEPCO requirement, 100% Curtailment applied ","After curtailment hours, plant is normalized ",Closed,99986,,-,-75535.96553,-,-,0,,,,,
214,25-May,2-May-25,12:00,2-May-25,15:00,KR_IB_49,-,-,-,-,Grid,Grid Curtailment ,All Equipment,"As per KEPCO requirement, 100% Curtailment applied ","After curtailment hours, plant is normalized ",Closed,99986,,-,-221828.1025,-,-,0,,,,,
215,25-May,4-May-25,11:00,4-May-25,14:00,KR_IB_49,-,-,-,-,Grid,Grid Curtailment ,All Equipment,"As per KEPCO requirement, 100% Curtailment applied ","After curtailment hours, plant is normalized ",Closed,99986,,-,-241737.9525,-,-,0,,,,,
216,25-May,1-May-25,6:30,31-May-25,18:30,JP-MINA,-,-,-,-,Grid,Grid Curtailment ,All Equipment,May-25 Grid Curtailment ,"After the curtailment hours, plant is normalised. ",Closed,28.24548,,-,-680087.8415,-,-,0,,,,,
217,25-May,4-May-25,10:11,4-May-25,15:36,KR_BW_41,-,-,-,-,Grid,Grid Curtailment ,All Equipment,"As per KEPCO requirement, 100% Curtailment applied ","After curtailment hours, plant is normalized ",Closed,-,5.28,-,-4025.667735,-,-,0,,,,,
218,25-May,4-May-25,10:11,4-May-25,16:35,KR_BW_42,-,-,-,-,Grid,Grid Curtailment ,All Equipment,"As per KEPCO requirement, 100% Curtailment applied ","After curtailment hours, plant is normalized ",Closed,-,5.83,-,-4477.426497,-,-,0,,,,,
219,25-May,4-May-25,11:00,4-May-25,15:12,KR_BW_11,-,-,-,-,Grid,Grid Curtailment ,All Equipment,"As per KEPCO requirement, 100% Curtailment applied ","After curtailment hours, plant is normalized ",Closed,-,3.99,-,-2305.63303,-,-,0,,,,,
220,25-May,4-May-25,9:57,4-May-25,17:05,KR_BW_21,-,-,-,-,Grid,Grid Curtailment ,All Equipment,"As per KEPCO requirement, 100% Curtailment applied ","After curtailment hours, plant is normalized ",Closed,-,5.05,-,-3954.659633,-,-,0,,,,,
221,25-May,4-May-25,13:00,4-May-25,18:00,KR_BW_26,-,-,-,-,Grid,Grid Curtailment ,All Equipment,"As per KEPCO requirement, 50% Curtailment applied ","After curtailment hours, plant is normalized ",Closed,#VALUE!,3.63,-,-35793.40121,-,-,0,,,,,
222,25-May,7-May-25,11:00,7-May-25,18:00,KR_BW_26,-,-,-,-,Grid,Grid Curtailment ,All Equipment,"As per KEPCO requirement, 50% Curtailment applied ","After curtailment hours, plant is normalized ",Closed,#VALUE!,4.85,-,-47873.46841,-,-,0,,,,,
223,25-May,11-May-25,6:14,11-May-25,7:25,JP-MINA,-,-,-,-,Plant ,Inverter Failure,PCS-03,PCS-03 tripped on low insulation resistance ,"After the automatic restart by inverter, generation resumed. ",Closed,4705.32,0.15,-,-526.7038462,-,-,0,,,,,
224,25-May,11-May-25,15:16,11-May-25,18:30,JP-MINA,-,-,-,-,Plant ,Inverter Failure,PCS-03,PCS-03 tripped on low insulation resistance ,"After the automatic restart by inverter, generation resumed. ",Closed,4705.32,0.23,-,-812.4320765,-,-,0,,,,,
225,25-May,11-May-25,6:14,11-May-25,9:25,JP-MINA,-,-,-,-,Plant ,Inverter Failure,PCS-04,PCS-04 tripped on low insulation resistance ,"After the automatic restart by inverter, generation resumed. ",Closed,4705.32,0.56,-,-1933.829318,-,-,0,,,,,
226,25-May,17-May-25,10:16,17-May-25,10:56,JP-MINA,-,-,-,-,Plant ,Inverter Failure,PCS-03,PCS-03 tripped on low insulation resistance ,"After the automatic restart by inverter, generation resumed. ",Closed,4705.32,0.09,-,-299.5452325,-,-,0,,,,,
227,25-May,17-May-25,12:16,17-May-25,13:55,JP-MINA,-,-,-,-,Plant ,Inverter Failure,PCS-03,PCS-03 tripped on low insulation resistance ,"After the automatic restart by inverter, generation resumed. ",Closed,4705.32,0.26,-,-894.4785362,-,-,0,,,,,
228,25-May,11-May-25,11:00,11-May-25,13:15,KR_BW_12,-,-,-,-,Grid,Grid Curtailment ,All Equipment,"As per KEPCO requirement, 100% Curtailment applied ","After curtailment hours, plant is normalized ",Closed,-,1.94,-,-1498.95668,-,-,,,,,,
229,25-May,11-May-25,11:02,11-May-25,13:22,KR_BW_39,-,-,-,-,Grid,Grid Curtailment ,All Equipment,"As per KEPCO requirement, 100% Curtailment applied ","After curtailment hours, plant is normalized ",Closed,-,1.95,-,-1506.366432,-,-,,,,,,
230,25-May,16-May-25,14:00,18-May-25,15:00,KR_BW_36,-,-,-,-,Plant ,Inverter Failure,Inv 1,Inverter shutdown occurred due to Insulation fault,"insulation fault on the 16th, restored and resolved on the 18th)",Closed,-,10.12,-,-1793.175632,-,-,,,,,,
231,25-May,4-May-25,14:09,4-May-25,14:15,KR_IB_49,-,-,-,-,Plant ,Inverter Failure,P2-1-L01.INV_2,INV A MODULE Gnd flt ,Inverter Production resumed,Closed,4116.84,0.12,-,-395.1661274,-,-,0,,,,,
232,25-May,7-May-25,7:26,7-May-25,7:36,KR_IB_49,-,-,-,-,Plant ,Inverter Failure,P6-3-L02.INV_2,INV A MODULE Ins fault ,Inverter Production resumed,Closed,4018.56,0.05,-,-159.0733484,-,-,0,,,,,
233,25-May,8-May-25,7:08,8-May-25,7:24,KR_IB_49,-,-,-,-,Plant ,Inverter Failure,P6-3-L02.INV_2,INV A MODULE Ins fault ,Inverter Production resumed,Closed,4018.56,0.06,-,-188.8993226,-,-,0,,,,,
234,25-May,12-May-25,6:52,12-May-25,7:17,KR_IB_49,-,-,-,-,Plant ,Inverter Failure,P3-1-L02.INV_1,INV A MODULE Ins fault ,Inverter Production resumed,Closed,3974.88,0.07,-,-235.7006279,-,-,0,,,,,
235,25-May,12-May-25,7:07,12-May-25,7:25,KR_IB_49,-,-,-,-,Plant ,Inverter Failure,P6-3-L02.INV_2,INV A MODULE Ins fault ,Inverter Production resumed,Closed,4018.56,0.06,-,-215.4098772,-,-,0,,,,,
236,25-May,13-May-25,6:45,13-May-25,7:00,KR_IB_49,-,-,-,-,Plant ,Inverter Failure,P3-1-L02.INV_1,INV A MODULE Ins fault ,Inverter Production resumed,Closed,3974.88,0.04,-,-125.4335219,-,-,0,,,,,
237,25-May,14-May-25,10:06,14-May-25,10:19,KR_IB_49,-,-,-,-,Plant ,Inverter Failure,P2-1-L01.INV_2,INV A MODULE No grid ,Inverter Production resumed,Closed,4116.84,0.19,-,-661.8153503,-,-,0,,,,,
238,25-May,14-May-25,13:34,14-May-25,13:46,KR_IB_49,-,-,-,-,Plant ,Inverter Failure,P2-1-L02.INV_1,INV A MODULE Gnd flt ,Inverter Production resumed,Closed,4116.84,0.2,-,-674.982524,-,-,0,,,,,
239,25-May,15-May-25,8:17,15-May-25,8:47,KR_IB_49,-,-,-,-,Plant ,Inverter Failure,P5-2-L01.INV_1,INV A MODULE Gnd flt ,Inverter Production resumed,Closed,4688.32,0.05,-,-210.2759987,-,-,0,,,,,
240,25-May,1-May-25,6:30,31-May-25,18:30,JP-MINA,-,-,-,-,Plant ,String Failure ,All PCS,string failure due to typhoon ,Need to rectify the same ,Open,3769.68,145.26,-,-404883.7927,-,-,0,,,,,
241,25-May,1-May-25,6:30,31-May-25,18:30,JP-MINA,-,-,-,-,Plant ,String Failure ,PCS1 JB1 to JB7,string failure due to typhoon ,Need to rectify the same ,Open,1695,145.26,-,-182052.0651,-,-,0,,,,,
242,25-May,25-May-25,6:05,25-May-25,18:00,JP-MINA,-,-,-,-,Plant ,Inverter Failure,PCS-06,PCS-06 tripped on low insulation resistance ,"After the automatic restart by inverter, generation resumed. ",Closed,4705.32,5.38,-,-18727.84346,-,-,0,,,,,
243,25-May,26-May-25,7:18,26-May-25,16:19,JP-MINA,-,-,-,-,Plant ,Inverter Failure,PCS-06,PCS-06 tripped on low insulation resistance ,"After the automatic restart by inverter, generation resumed. ",Closed,4705.32,3.31,-,-11508.05424,-,-,0,,,,,
244,25-May,25-May-25,11:02,25-May-25,14:12,KR_BW_12,-,-,-,-,Grid,Grid Curtailment ,All Equipment,"As per KEPCO requirement, 100% Curtailment applied ","After curtailment hours, plant is normalized ",Closed,-,2.88,-,-2220.415086,-,-,0,,,,,
245,25-May,25-May-25,11:02,25-May-25,14:12,KR_BW_39,-,-,-,-,Grid,Grid Curtailment ,All Equipment,"As per KEPCO requirement, 100% Curtailment applied ","After curtailment hours, plant is normalized ",Closed,-,2.75,-,-2125.909489,-,-,0,,,,,
246,25-May,25-May-25,11:02,25-May-25,14:12,KR_BW_13,-,-,-,-,Grid,Grid Curtailment ,All Equipment,"As per KEPCO requirement, 100% Curtailment applied ","After curtailment hours, plant is normalized ",Closed,-,3,-,-2307.663593,-,-,0,,,,,
247,25-May,1-May-25,6:30,31-May-25,18:30,KR_BW_15,-,-,-,-,Plant ,String Failure ,"Inverter 1,4","(Due to fire incident, 104.475 kWp capacity of faulty solar modules has been isolated.)",Rectification of damaged modules need to be done in the site,Open,156.275,160.59,-,-17590.21844,-,-,0,,,,,
248,25-May,1-May-25,6:30,31-May-25,18:30,KR_BW_28,-,-,-,-,Plant ,String Failure ,,"Due to BESS fire incident, PV tables near bess station are damaged. ",Need to rectify the same ,Open,60.3,150.1,-,-6925.596481,-,-,0,,,,,
249,25-May,1-May-25,6:30,31-May-25,18:30,KR_BW_31,-,-,-,-,Plant ,String Failure ,,string failure as per inspection report ,Need to rectify the same ,Open,310,154.86,-,-36480.28335,-,-,0,,,,,
250,25-May,1-May-25,6:30,31-May-25,18:30,KR_BW_31,-,-,-,-,Plant ,AC Failure ,MCCB-02 ,MCCB-02 Tripped,Need to rectify the same ,Open,111.6,154.86,-,-13132.902,-,-,0,,,,,
251,25-May,18-May-25,11:00,18-May-25,14:02,KR_BW_24,-,-,-,-,Grid,Grid Curtailment ,All Equipment,"As per KEPCO requirement, 100% Curtailment applied ","After curtailment hours, plant is normalized ",Closed,-,2.91,-,-1361.34897,-,-,0,,,,,
252,25-May,18-May-25,11:00,18-May-25,14:00,KR_BW_26,-,-,-,-,Grid,Grid Curtailment ,All Equipment,"As per KEPCO requirement, 100% Curtailment applied ","After curtailment hours, plant is normalized ",Closed,-,3.03,-,-59737.95237,-,-,0,,,,,
253,25-May,18-May-25,11:06,18-May-25,14:05,KR_BW_41,-,-,-,-,Grid,Grid Curtailment ,All Equipment,"As per KEPCO requirement, 100% Curtailment applied ","After curtailment hours, plant is normalized ",Closed,-,3.03,-,-2313.786288,-,-,0,,,,,
254,25-May,18-May-25,11:02,18-May-25,15:05,KR_BW_42,-,-,-,-,Grid,Grid Curtailment ,All Equipment,"As per KEPCO requirement, 100% Curtailment applied ","After curtailment hours, plant is normalized ",Closed,-,3.87,-,-2973.687032,-,-,0,,,,,
262,25-May,29-May-25,12:46,29-May-25,13:25,JP-MINA,-,-,-,-,Plant ,Inverter Failure,PCS-06,PCS-06 tripped on low insulation resistance ,"After the automatic restart by inverter, generation resumed. ",Closed,4705.32,0.17,-,-585.5589018,-,-,0,,,,,
263,25-May,30-May-25,8:57,30-May-25,18:00,JP-MINA,-,-,-,-,Plant ,Inverter Failure,PCS-06,PCS-06 tripped on low insulation resistance ,"After the automatic restart by inverter, generation resumed. ",Closed,4705.32,3.97,-,-13817.00968,-,-,0,,5.780333,,,
264,25-May,27-May-25,7:04,27-May-25,8:52,KR_IB_49,-,-,-,-,Plant ,Inverter Failure,P2-1-L01.INV_2,INV A MODULE No grid ,Inverter Production resumed,Closed,4116.84,1.67,-,-5709.747952,-,-,0,,35.64,,,
265,25-May,27-May-25,10:41,27-May-25,11:01,KR_IB_49,-,-,-,-,Plant ,Inverter Failure,P3-2-L03.INV_1,INV A MODULE No grid ,Inverter Production resumed,Closed,4018.56,0.3,-,-1001.216941,-,-,0,,1.502167,,,
266,25-May,1-May-25,6:00,31-May-25,18:00,KR_BW_04,-,-,-,-,Plant ,Inverter Failure,Inverter-01 & 02,"Inverter 1, 2 underperforming on the site",Need to analyse in the site to find out root cause ,Open,191.25,,-,-1697.17,-,-,0,,42.9225,993.75,83.87%,35774.10637
267,25-May,1-May-25,6:00,31-May-25,18:00,KR_BW_05,-,-,-,-,Plant ,Inverter Failure,"Inverter-1,4,13","Inverter 1,4,13 underperforming on the site",Need to analyse in the site to find out root cause ,Open,190.8,,-,-4220.8,-,-,0,,,,,
268,25-May,1-May-25,6:00,31-May-25,18:00,KR_BW_06,-,-,-,-,Plant ,Inverter Failure,"Inverter-1,2,4,5,13","Inverter 1,24,5,13 underperforming on the site",Need to analyse in the site to find out root cause ,Open,318,,-,-5511.93,-,-,0,,,,,
269,25-May,1-May-25,6:00,31-May-25,18:00,KR_BW_09,-,-,-,-,Plant ,Inverter Failure,Inverter-01 ,Inverter 1 underperforming on the site,Need to analyse in the site to find out root cause ,Open,595.35,,-,-4701.150755,-,-,0,,,,,
270,25-May,1-May-25,6:00,31-May-25,18:00,KR_BW_11,-,-,-,-,Plant ,Inverter Failure,Inverter-01 ,Inverter 1 underperforming on the site,Need to analyse in the site to find out root cause ,Open,250,,-,-1576.07,-,-,0,,,,,
271,25-May,1-May-25,6:00,31-May-25,18:00,KR_BW_14,-,-,-,-,Plant ,Inverter Failure,"Inverter 1,3","Inverter 1,3 underperforming on the site",Need to analyse in the site to find out root cause ,Open,192.15,,-,-2484.78,-,-,0,,,,,
272,25-May,1-May-25,6:00,31-May-25,18:00,KR_BW_19,-,-,-,-,Plant ,Inverter Failure,Inverter 3,"Inverter 1,3 underperforming on the site",Need to analyse in the site to find out root cause ,Open,967.2,,-,-10436.59236,-,-,0,,,,,
273,25-May,1-May-25,6:00,31-May-25,18:00,KR_BW_20,-,-,-,-,Plant ,Inverter Failure,"Inverter 1,4","Inverter 1,4 underperforming on the site",Need to analyse in the site to find out root cause ,Open,132.8,,-,-1570.89,-,-,0,,,,,
274,25-May,1-May-25,6:00,31-May-25,18:00,KR_BW_21,-,-,-,-,Plant ,Inverter Failure,"Inverter 8,9, 16, 18","Inverter 8,9,16,18 underperforming on the site",Need to analyse in the site to find out root cause ,Open,479.49,,-,-2095.98,-,-,0,,,,,
275,25-May,1-May-25,6:00,31-May-25,18:00,KR_BW_30,-,-,-,-,Plant ,Inverter Failure,"Inverter 2,3,4,7","Inverter 2,3,4,7 underperforming on the site",Need to analyse in the site to find out root cause ,Open,207.36,,-,-3306.11,-,-,0,,,,,
276,25-May,1-May-25,6:00,31-May-25,18:00,KR_BW_35,-,-,-,-,Plant ,Inverter Failure,"Inverter 5,12","Inverter 5,12 underperforming on the site",Need to analyse in the site to find out root cause ,Open,127.2,,-,-3227.89,-,-,0,,,,,
277,25-May,31-May-25,11:59,31-May-25,12:27,KR_IB_49,-,-,-,-,Plant ,Inverter Failure,P6-3-L02.INV_1,INV A MODULE No grid ,Inverter Production resumed,Closed,4018.56,0.31,-,-1018.400323,-,-,0,,,,,
278,25-May,1-May-25,6:00,31-May-25,18:00,KR_BW_08,-,-,-,-,Plant ,Inverter Failure,"Inverter 1,2","Inverter 1,2   underperforming on the site",Need to analyse in the site to find out root cause ,Open,190.8,,-,-1793.68,-,-,0,,,,,
279,25-May,31-May-25,6:30,31-May-25,18:00,JP-MINA,-,-,-,-,Plant ,Inverter Failure,PCS-06 ,PCS-06 tripped on low insulation resistance ,"After the automatic restart by inverter, generation resumed. ",Closed,4705.32,7.6952,-,-26771.89864,-,-,0,,,,,
280,25-Jun,1-Jun-25,6:30,1-Jun-25,18:00,JP-MINA,-,-,-,-,Plant ,Inverter Failure,PCS-06 ,PCS-06 tripped on low insulation resistance ,"After the automatic restart by inverter, generation resumed. ",Closed,4705.32,7.240803613,-,-24134.43159,-,-,,,,,,
281,25-Jun,2-Jun-25,8:50,2-Jun-25,10:29,JP-MINA,-,-,-,-,Plant ,Inverter Failure,PCS-03,PCS-03 tripped on low insulation resistance ,"After the automatic restart by inverter, generation resumed. ",Closed,4705.32,0.258,-,-859.3328486,-,-,,,,,,
282,25-Jun,2-Jun-25,11:13,2-Jun-25,11:54,JP-MINA,-,-,-,-,Plant ,Inverter Failure,PCS-06,PCS-06 tripped on low insulation resistance ,"After the automatic restart by inverter, generation resumed. ",Closed,4705.32,0.157,-,-524.4161363,-,-,,,,,,
283,25-Jun,3-Jun-25,11:01,3-Jun-25,11:42,JP-MINA,-,-,-,-,Plant ,Inverter Failure,PCS-03,PCS-03 tripped on low insulation resistance ,"After the automatic restart by inverter, generation resumed. ",Closed,4705.32,0.134835653,-,-449.4227472,-,-,,,,,,
284,25-Jun,3-Jun-25,12:36,3-Jun-25,13:45,JP-MINA,-,-,-,-,Plant ,Inverter Failure,PCS-06,PCS-06 tripped on low insulation resistance ,"After the automatic restart by inverter, generation resumed. ",Closed,4705.32,0.17152837,-,-571.7237939,-,-,,,,,,
285,25-May,1-May-25,10:14,1-May-25,10:46,KR_BW_02,-,-,-,-,Plant ,Inverter Failure,Inverter ,Inverter shutdown due to adverse weather conditions.,Need to analyse in the site to find out root cause ,Closed,347.76,0.4327,-,-103.1494913,-,-,,,,,,
286,25-May,1-May-25,13:16,1-May-25,14:12,KR_BW_02,-,-,-,-,Plant ,Inverter Failure,Inverter ,Inverter shutdown due to adverse weather conditions.,Need to analyse in the site to find out root cause ,Closed,347.76,0.831382086,-,-198.1895984,-,-,,,,,,
287,25-May,10-May-25,12:00,12-May-25,15:00,KR_BW_19,-,-,-,-,Plant ,Inverter Failure,Inverter -3,inverter shutdown due to grid-side overcurrent ,Inverter Production resumed,Closed,967.2,13.695,-,-9977.038707,-,-,,,,,,
288,25-Jun,4-Jun-25,6:00,4-Jun-25,8:48,JP-MINA,-,-,-,-,Plant ,Inverter Failure,PCS-06 ,PCS-06 tripped on low insulation resistance ,"After the automatic restart by inverter, generation resumed. ",Closed,4705.32,1.042,-,-3471.736964,-,-,,,,,,
289,25-Jun,3-Jun-25,13:50,3-Jun-25,15:12,JP-MINA,-,-,-,-,Plant ,Inverter Failure,PCS-04,PCS-04 tripped on low insulation resistance ,"After the automatic restart by inverter, generation resumed. ",Closed,4705.32,0.258300597,-,-860.9456097,-,-,,,,,,
290,25-Jun,5-Jun-25,5:45,5-Jun-25,6:38,JP-MINA,-,-,-,-,Plant ,Inverter Failure,PCS-06 ,PCS-06 tripped on low insulation resistance ,"After the automatic restart by inverter, generation resumed. ",Closed,4705.32,0.0995,-,-331.6911902,-,-,,,,,,
291,25-Jun,10-Jun-25,12:24,10-Jun-25,13:05,JP-MINA,-,-,-,-,Plant ,Inverter Failure,PCS-03,PCS-03 tripped on low insulation resistance ,"After the automatic restart by inverter, generation resumed. ",Closed,4705.32,0.09403013,-,-313.4132316,-,-,,,,,,
292,25-Jun,4-Jun-25,14:22,4-Jun-25,17:24,KR_DG_ONS_00028,-,-,-,-,Plant ,Inverter Failure,All Equipment,PV System shutdown due to scheduled equipement inspection,Inverter Production resumed,Closed,749.94,1.374,-,-892.9880531,-,-,,,,,,
293,25-Jun,5-Jun-25,14:12,5-Jun-25,18:05,KR_DG_ONS_00028,-,-,-,-,Plant ,Inverter Failure,All Equipment,PV System shutdown due to scheduled equipement inspection,Inverter Production resumed,Closed,749.94,1.898,-,-1233.54536,-,-,,,,,,
294,25-Jun,10-Jun-25,13:30,10-Jun-25,17:02,KR_DG_ONS_00028,-,-,-,-,Plant ,Inverter Failure,All Equipment,PV System shutdown due to scheduled equipement inspection,Inverter Production resumed,Closed,749.94,1.532,-,-995.67518,-,-,,,,,,
295,25-Jun,11-Jun-25,13:30,11-Jun-25,17:02,KR_DG_ONS_00028,-,-,-,-,Plant ,Inverter Failure,All Equipment,PV System shutdown due to scheduled equipement inspection,Inverter Production resumed,Closed,749.94,2.594,-,-1685.888653,-,-,,,,,,
296,25-Jun,13-Jun-25,15:28,13-Jun-25,15:31,KR_IB_49,-,-,-,-,Plant ,Inverter Failure,P4-2-L02.INV_1,INV B] MODULE 1 PDP pro,Inverter Production resumed,Closed,4174.04,0.000355,-,-1.226576424,-,-,,,,,,
297,25-Jun,14-Jun-25,8:04,14-Jun-25,9:07,KR_IB_49,-,-,-,-,Plant ,Inverter Failure,P1-1-L02.INV_1,INV B] MODULE 1 Gnd-flt,Inverter Production resumed,Closed,4116.84,0.456035417,-,-1554.075842,-,-,,,,,,
298,25-Jun,14-Jun-25,10:21,14-Jun-25,10:56,KR_IB_49,-,-,-,-,Plant ,Inverter Failure,P5-2-L02.INV_1,INV A] MODULE 2 No grid,Inverter Production resumed,Closed,3181.36,0.471053249,-,-1240.487717,-,-,,,,,,
299,25-Jun,15-Jun-25,9:30,15-Jun-25,9:59,KR_IB_49,-,-,-,-,Plant ,Inverter Failure,P2-1-L02.INV_1,INV A] MODULE 1 Gnd-flt,Inverter Production resumed,Closed,4116.84,0.454050667,-,-1547.312218,-,-,,,,,,
300,25-Jun,15-Jun-25,10:47,15-Jun-25,11:21,KR_IB_49,-,-,-,-,Plant ,Inverter Failure,P6-3-L01.INV_1,INV A] MODULE 1 Gnd-flt,Inverter Production resumed,Closed,4018.56,0.408861083,-,-1360.053147,-,-,,,,,,
301,25-Jun,14-Jun-25,6:01,14-Jun-25,7:01,JP-MINA,-,-,-,-,Plant ,Inverter Failure,PCS-03,PCS-03 tripped on low insulation resistance ,"After the automatic restart by inverter, generation resumed. ",Closed,4705.32,0.092578547,-,-308.5749485,-,-,,,,,,
302,25-Jun,14-Jun-25,6:26,14-Jun-25,7:06,JP-MINA,-,-,-,-,Plant ,Inverter Failure,PCS-06 ,PCS-06 tripped on low insulation resistance ,"After the automatic restart by inverter, generation resumed. ",Closed,4705.32,0.08201427,-,-273.3629988,-,-,,,,,,
303,25-Jun,22-Jun-25,9:07,22-Jun-25,9:47,JP-MINA,-,-,-,-,Plant ,Inverter Failure,PCS-03,PCS-03 tripped on low insulation resistance ,"After the automatic restart by inverter, generation resumed. ",Closed,4705.32,0.28644512,-,-954.7545444,-,-,,,,,,
304,25-Jun,23-Jun-25,10:19,23-Jun-25,11:19,JP-MINA,-,-,-,-,Plant ,Inverter Failure,PCS-04,PCS-04 tripped on low insulation resistance ,"After the automatic restart by inverter, generation resumed. ",Closed,4705.32,0.184673233,-,-615.5371359,-,-,,,,,,
305,25-Jun,23-Jun-25,12:39,23-Jun-25,13:19,JP-MINA,-,-,-,-,Plant ,Inverter Failure,PCS-03,PCS-03 tripped on low insulation resistance ,"After the automatic restart by inverter, generation resumed. ",Closed,4705.32,0.122577867,-,-408.5661338,-,-,,,,,,
306,25-Jun,21-Jun-25,6:00,21-Jun-25,6:02,KR_IB_49,-,-,-,-,Plant ,Inverter Failure,P4-2-L02.INV_1,INV B] MODULE 2 PDP pro,Inverter Production resumed,Closed,4174.04,0.00372925,-,-12.88509888,-,-,,,,,,
307,25-Jun,21-Jun-25,6:55,21-Jun-25,6:59,KR_IB_49,-,-,-,-,Plant ,Inverter Failure,P4-2-L02.INV_1,INV B] MODULE 1 PDP pro,Inverter Production resumed,Closed,4174.04,0.005145833,-,-17.77959938,-,-,,,,,,
308,25-Jun,21-Jun-25,7:14,21-Jun-25,7:18,KR_IB_49,-,-,-,-,Plant ,Inverter Failure,P4-2-L02.INV_1,INV B] MODULE 1 PDP pro,Inverter Production resumed,Closed,4174.04,0.00461675,-,-15.95153977,-,-,,,,,,
309,25-Jun,14-Jun-25,6:00,14-Jun-25,12:00,KR_BW_15,-,-,-,-,Plant ,Inverter Failure,Inverter 1,The inverters have been continuously shutting down due to defective module insulation resistance.," After reviewing of quotation by EC, we will start to replace Module",Closed,79.8,1.043115213,-,-58.05891608,-,-,,,,,,
310,25-Jun,14-Jun-25,6:00,14-Jun-25,13:00,KR_BW_15,-,-,-,-,Plant ,Inverter Failure,Inverter 5,The inverters have been continuously shutting down due to defective module insulation resistance.," After reviewing of quotation by EC, we will start to replace Module",Closed,71.75,1.807827778,-,-90.47169221,-,-,,,,,,
311,25-Jun,14-Jun-25,6:00,14-Jun-25,18:00,KR_BW_15,-,-,-,-,Plant ,Inverter Failure,Inverters 2,The inverters have been continuously shutting down due to defective module insulation resistance.," After reviewing of quotation by EC, we will start to replace Module",Closed,79.8,4.514201142,-,-251.2566417,-,-,,,,,,
312,25-Jun,15-Jun-25,6:00,15-Jun-25,11:00,KR_BW_15,-,-,-,-,Plant ,Inverter Failure,"Inverter 1, 2",The inverters have been continuously shutting down due to defective module insulation resistance.," After reviewing of quotation by EC, we will start to replace Module",Closed,159.6,2.308453167,-,-256.9731264,-,-,,,,,,
313,25-Jun,15-Jun-25,6:00,15-Jun-25,13:00,KR_BW_15,-,-,-,-,Plant ,Inverter Failure,Inverter 4,The inverters have been continuously shutting down due to defective module insulation resistance.," After reviewing of quotation by EC, we will start to replace Module",Closed,76.475,4.059684891,-,-216.5437054,-,-,,,,,,
314,25-Jun,15-Jun-25,6:00,15-Jun-25,14:00,KR_BW_15,-,-,-,-,Plant ,Inverter Failure,Inverter 5,The inverters have been continuously shutting down due to defective module insulation resistance.," After reviewing of quotation by EC, we will start to replace Module",Closed,71.75,4.646369574,-,-232.5248694,-,-,,,,,,
315,25-Jun,16-Jun-25,6:00,16-Jun-25,13:00,KR_BW_15,-,-,-,-,Plant ,Inverter Failure,Inverter 5,The inverters have been continuously shutting down due to defective module insulation resistance.," After reviewing of quotation by EC, we will start to replace Module",Closed,71.75,1.622725389,-,-81.20835058,-,-,,,,,,
316,25-Jun,17-Jun-25,6:00,17-Jun-25,18:00,KR_BW_15,-,-,-,-,Plant ,Inverter Failure,Inverter 5,The inverters have been continuously shutting down due to defective module insulation resistance.," After reviewing of quotation by EC, we will start to replace Module",Closed,71.75,5.960063862,-,-298.2679379,-,-,,,,,,
317,25-Jun,22-Jun-25,6:00,23-Jun-25,18:00,KR_BW_15,-,-,-,-,Plant ,Inverter Failure,"Inverter 1,2,4",The inverters have been continuously shutting down due to defective module insulation resistance.," After reviewing of quotation by EC, we will start to replace Module",Closed,236.075,15.42533775,-,-2539.910617,-,-,,,,,,
318,25-Jun,24-Jun-25,6:00,24-Jun-25,18:00,KR_BW_15,-,-,-,-,Plant ,Inverter Failure,"Inverter 2,4",The inverters have been continuously shutting down due to defective module insulation resistance.," After reviewing of quotation by EC, we will start to replace Module",Closed,156.275,1.749983281,-,-190.7467557,-,-,,,,,,
319,25-Jun,25-Jun-25,6:00,25-Jun-25,13:00,KR_BW_15,-,-,-,-,Plant ,Inverter Failure,Inverter  2,The inverters have been continuously shutting down due to defective module insulation resistance.," After reviewing of quotation by EC, we will start to replace Module",Closed,79.8,1.674577362,-,-93.20556862,-,-,,,,,,
320,25-Jun,25-Jun-25,6:00,25-Jun-25,12:00,KR_BW_15,-,-,-,-,Plant ,Inverter Failure,Inverter  4,The inverters have been continuously shutting down due to defective module insulation resistance.," After reviewing of quotation by EC, we will start to replace Module",Closed,76.475,0.915191485,-,-48.81633935,-,-,,,,,,
321,25-Jun,26-Jun-25,6:00,26-Jun-25,18:00,KR_BW_15,-,-,-,-,Plant ,Inverter Failure,Inverter  2,The inverters have been continuously shutting down due to defective module insulation resistance.," After reviewing of quotation by EC, we will start to replace Module",Closed,71.75,6.398433592,-,-320.2058967,-,-,,,,,,
322,25-Jun,1-Jun-25,6:30,30-Jun-25,18:00,KR_BW_04,-,-,-,-,Plant ,Inverter Failure,Inverter-01 & 02,"Inverter 1, 2 underperforming on the site",Need to analyse in the site to find out root cause ,Open,191.25,,-,-1519,-,-,,,,,,
323,25-Jun,1-Jun-25,6:30,30-Jun-25,18:00,KR_BW_05,-,-,-,-,Plant ,Inverter Failure,"Inverter-1,4,13","Inverter 1,4,13 underperforming on the site",Need to analyse in the site to find out root cause ,Open,190.8,,-,-4640.7,-,-,,,,,,
324,25-Jun,1-Jun-25,6:30,30-Jun-25,18:00,KR_BW_06,-,-,-,-,Plant ,Inverter Failure,"Inverter-1,2,4,5","Inverter 1,2,4,5 underperforming on the site",Need to analyse in the site to find out root cause ,Open,254.4,,-,-5599.3,-,-,,,,,,
325,25-Jun,1-Jun-25,6:30,30-Jun-25,18:00,KR_BW_07,-,-,-,-,Plant ,Inverter Failure,Inverter 11,Invertrer 11 Underperforming on the site,Need to analyse in the site to find out root cause ,Open,84.8,,-,-2429.9,-,-,,,,,,
326,25-Jun,1-Jun-25,6:30,30-Jun-25,18:00,KR_BW_08,-,-,-,-,Plant ,Inverter Failure,"Inverter-1,2","Inverter 1,2 Underperforming on the site",Need to analyse in the site to find out root cause ,Open,84.8,,-,-598.2,-,-,,,,,,
327,25-Jun,1-Jun-25,6:30,30-Jun-25,18:00,KR_BW_09,-,-,-,-,Plant ,Inverter Failure,Inverter-01 ,Inverter 1 underperforming on the site,Need to analyse in the site to find out root cause ,Open,595.35,,-,-4028.009,-,-,,,,,,
328,25-Jun,1-Jun-25,6:30,30-Jun-25,18:00,KR_BW_11,-,-,-,-,Plant ,Inverter Failure,Inverter-01 ,Inverter 1 underperforming on the site,Need to analyse in the site to find out root cause ,Open,250,,-,-2291,-,-,,,,,,
329,25-Jun,1-Jun-25,6:30,30-Jun-25,18:00,KR_BW_19,-,-,-,-,Plant ,Inverter Failure,Inverter- 03,Inverter 3 Unperforming on the site,Need to analyse in the site to find out root cause ,Open,967.2,,-,-9393.9299,-,-,,,,,,
330,25-Jun,1-Jun-25,6:30,30-Jun-25,18:00,KR_BW_20,-,-,-,-,Plant ,Inverter Failure,"Inverter-01,02, 04","Inverter 1,2,4 Underperforming on the site",Need to analyse in the site to find out root cause ,Open,199.2,,-,-726.33,-,-,,,,,,
331,25-Jun,1-Jun-25,6:30,30-Jun-25,18:00,KR_BW_21,-,-,-,-,Plant ,Inverter Failure,"Inverter 10,15,16,18","Inverter 10,15,16,18 Underperforming on the site",Need to analyse in the site to find out root cause ,Open,264.45,,-,-2749.5,-,-,,,,,,
332,25-Jun,1-Jun-25,6:30,30-Jun-25,18:00,KR_BW_24,-,-,-,-,Plant ,Inverter Failure,Inverter-01 ,Inverter 1 underperforming on the site,Need to analyse in the site to find out root cause ,Open,260.19,,-,-1639.1,-,-,,,,,,
333,25-Jun,1-Jun-25,6:30,30-Jun-25,18:00,KR_BW_30,-,-,-,-,Plant ,Inverter Failure,"Inverter 3,4","Inverter 3,4  Unperforming on the site",Need to analyse in the site to find out root cause ,Open,103.68,,-,-899.4,-,-,,,,,,
334,25-Jun,1-Jun-25,6:30,30-Jun-25,18:00,KR_BW_35,-,-,-,-,Plant ,Inverter Failure,"Inverter 5,12","Inverter 5,12 underperforming on the site",Need to analyse in the site to find out root cause ,Open,127.2,,-,-3805.5,-,-,,,,,,
335,25-Jun,29-Jun-25,8:10,29-Jun-25,8:51,JP-MINA,-,-,-,-,Plant ,Inverter Failure,PCS-03,PCS-03 tripped on low insulation resistance ,"After the automatic restart by inverter, generation resumed. ",Closed,4705.32,0.34039551,-,-1134.577402,-,-,,,,,,
336,25-Jun,28-Jun-25,7:57,28-Jun-25,9:00,JP-MINA,-,-,-,-,Plant ,Inverter Failure,PCS-04,PCS-04 tripped on low insulation resistance ,"After the automatic restart by inverter, generation resumed. ",Closed,4705.32,0.399265143,-,-1330.796664,-,-,,,,,,
337,25-Jun,15-Jun-25,6:30,15-Jun-25,18:00,KR_BW_19,-,-,-,-,Plant ,Grid Outage,All Plant ,A large-scale blackout occurred in the nearby pv site. ,The O&M contractor restored the facility in the evening of the same day.,Closed,-,5.538583333,-,-11893.24293,-,-,,,,,,
338,25-Jun,1-Jun-25,6:30,30-Jun-25,18:00,JP-MINA,-,-,-,-,Grid,Grid Curtailment ,All Equipment,Jun-25 Grid Curtailment ,"After the curtailment hours, plant is normalised. ",Closed,28.24548,,-,-89286.34385,-,-,0,,,,,
339,25-Jun,1-Jun-25,6:30,30-Jun-25,18:00,JP-MINA,-,-,-,-,Plant ,String Failure ,PCS1 JB1 to JB7,string failure due to typhoon ,Need to rectify the same ,Open,1695,136.7240783,-,-164163.215,-,-,,,,,,
340,25-Jun,1-Jun-25,6:30,30-Jun-25,18:00,JP-MINA,-,-,-,-,Plant ,String Failure ,All PCS,string failure due to typhoon ,Need to rectify the same ,Open,3823.92,136.7240783,-,-370352.213,-,-,,,,,,
341,25-Jun,1-Jun-25,6:30,30-Jun-25,18:00,KR_BW_15,-,-,-,-,Plant ,String Failure ,"Inverter 1,4","(Due to fire incident, 104.475 kWp capacity of faulty solar modules has been isolated.)",Rectification of damaged modules need to be done in the site,Open,156.275,176.5792723,-,-19246.99721,-,-,,,,,,
342,25-Jun,1-Jun-25,6:30,30-Jun-25,18:00,KR_BW_28,-,-,-,-,Plant ,String Failure ,,"Due to BESS fire incident, PV tables near bess station are damaged. ",Need to rectify the same ,Open,60.3,162.2583333,-,-7390.060528,-,-,,,,,,
349,25-Jun,23-Jun-25,8:47,23-Jun-25,14:26,KR_BW_16,-,-,-,-,Plant ,AC Failure ,VCB ,blackout occurred due to a VCB (Vacuum Circuit Breaker) trip caused by grid voltage instability.,Inverter Production resumed,Closed,997.92,5.030514467,-,-3489.861224,-,-,,,,,,
350,25-Jun,27-Jun-25,6:00,27-Jun-25,10:00,KR_BW_15,-,-,-,-,Plant ,Inverter Failure,Inverter 4,The inverters have been continuously shutting down due to defective module insulation resistance.," After reviewing of quotation by EC, we will start to replace Module",Closed,76.475,1.156806698,-,-61.70410155,-,-,,,,,,
351,25-Jun,27-Jun-25,6:00,27-Jun-25,14:00,KR_BW_15,-,-,-,-,Plant ,Inverter Failure,Inverter 2,The inverters have been continuously shutting down due to defective module insulation resistance.," After reviewing of quotation by EC, we will start to replace Module",Closed,71.75,4.41141272,-,-220.76659,-,-,,,,,,
360,25-Jul,5-Jul-25,7:05,5-Jul-25,8:07,JP-MINA,-,-,-,-,Plant ,Inverter Failure,PCS -01,PCS-01 tripped on low insulation resistance ,"After the automatic restart by inverter, generation resumed. ",Closed,4705.32,,-,0,-,-,,,,,,
361,25-Jul,5-Jul-25,7:13,5-Jul-25,8:14,JP-MINA,-,-,-,-,Plant ,Inverter Failure,PCS-03,PCS-03 tripped on low insulation resistance ,"After the automatic restart by inverter, generation resumed. ",Closed,4705.32,,-,0,-,-,,,,,,
362,25-Jul,6-Jul-25,5:54,6-Jul-25,6:54,JP-MINA,-,-,-,-,Plant ,Inverter Failure,PCS-04,PCS-04 tripped on low insulation resistance ,"After the automatic restart by inverter, generation resumed. ",Closed,4705.32,,-,0,-,-,,,,,,
363,25-Jul,8-Jul-25,17:18,8-Jul-25,17:21,JP-MINA,-,-,-,-,Plant ,Inverter Failure,PCS-05,PCS-05 tripped on low insulation resistance ,"After the automatic restart by inverter, generation resumed. ",Closed,4705.32,,-,0,-,-,,,,,,
364,25-Jul,8-Jul-25,17:18,8-Jul-25,17:21,JP-MINA,-,-,-,-,Plant ,Inverter Failure,PCS-04,PCS-04 tripped on low insulation resistance ,"After the automatic restart by inverter, generation resumed. ",Closed,4705.32,,-,0,-,-,,,,,,
365,25-Jul,9-Jul-25,8:00,9-Jul-25,8:40,JP-MINA,-,-,-,-,Plant ,Inverter Failure,PCS-03,PCS-03 tripped on low insulation resistance ,"After the automatic restart by inverter, generation resumed. ",Closed,4705.32,,-,0,-,-,,,,,,
366,25-Jul,13-Jul-25,7:33,13-Jul-25,8:12,JP-MINA,-,-,-,-,Plant ,Inverter Failure,PCS-06,PCS-06 tripped on low insulation resistance ,"After the automatic restart by inverter, generation resumed. ",Closed,4705.32,,-,0,-,-,,,,,,
367,25-Jul,7-Jul-25,12:20,14-Jul-25,13:47,JP-MINA,-,-,-,-,Plant ,Inverter Failure,PCS-04,AC Fuse Failure,Detailed information is pending from monthly report,Closed,4705.32,,-,0,-,-,,,,,,
368,25-Jul,14-Jul-25,13:47,14-Jul-25,14:48,JP-MINA,-,-,-,-,Plant ,Inverter Failure,PCS-04,Inverter production down at the time of replacing the defective material ,Inverter production resumed after the defective material had been replaced,Closed,4705.32,,-,0,-,-,,,,,,
369,25-Jul,15-Jul-25,7:02,15-Jul-25,9:52,JP-MINA,-,-,-,-,Plant ,Inverter Failure,PCS-03,PCS-03 tripped on low insulation resistance ,"After the automatic restart by inverter, generation resumed. ",Closed,4705.32,,-,0,-,-,,,,,,
370,25-Jul,17-Jul-25,16:56,17-Jul-25,17:36,JP-MINA,-,-,-,-,Plant ,Inverter Failure,PCS-03,PCS-03 tripped on low insulation resistance ,"After the automatic restart by inverter, generation resumed. ",Closed,4705.32,,-,0,-,-,,,,,,
371,25-Jul,1-Jul-25,6:00,30-Jul-25,18:30,JP-MINA,-,-,-,-,Grid,Grid Curtailment ,All equipements,Jun-25 Grid Curtailment ,"After the curtailment hours, plant is normalised. ",Closed,28.24548,,-,-192101.3484,-,-,,,,,,
372,25-Jul,18-Jul-25,17:08,18-Jul-25,18:49,JP-MINA,-,-,-,-,Grid,Grid Curtailment ,PCS-03,PCS-03 tripped on low insulation resistance ,"After the automatic restart by inverter, generation resumed. ",Closed,4705.32,,-,0,-,-,,,,,,
373,25-Jul,16-Jul-25,15:00,16-Jul-25,17:30,KR_BW_31,-,-,-,-,Plant ,Inverter Failure,All Inverters ,"Shutdown was due to DC cable insulation failure. Affected circuit was removed, and system restored. 
", Planned for batch repair during maintenance operations,Closed,2994.6,,-,0,-,-,,,,,,
374,25-Jul,17-Jul-25,10:37,17-Jul-25,16:10,KR_BW_13,-,-,-,-,Plant ,Inverter Failure,All Inverters ,local KEPCO grid issue and blackout occurred due to heavy rain. Inverters were restarted after grid stabilization.,Inverter Production resumed,Closed,993.3,,-,0,-,-,,,,,,
375,25-Jul,20-Jul-25,6:00,20-Jul-25,12:58,KR_BW_15,-,-,-,-,Plant ,Inverter Failure,Inverter 1,The inverters have been continuously shutting down due to defective module insulation resistance.," After reviewing of quotation by EC, we will start to replace Module",Closed,79.8,,-,0,-,-,,,,,,
376,25-Jul,20-Jul-25,6:00,20-Jul-25,18:00,KR_BW_15,-,-,-,-,Plant ,Inverter Failure,"Inverter 2,5",The inverters have been continuously shutting down due to defective module insulation resistance.," After reviewing of quotation by EC, we will start to replace Module",Closed,151.55,,-,0,-,-,,,,,,
377,25-Jul,20-Jul-25,6:00,20-Jul-25,10:24,KR_BW_15,-,-,-,-,Plant ,Inverter Failure,Inverter 4,The inverters have been continuously shutting down due to defective module insulation resistance.," After reviewing of quotation by EC, we will start to replace Module",Closed,76.475,,-,0,-,-,,,,,,
378,25-Jul,21-Jul-25,6:00,21-Jul-25,11:00,KR_BW_15,-,-,-,-,Plant ,Inverter Failure,"Inverter 2,4",The inverters have been continuously shutting down due to defective module insulation resistance.," After reviewing of quotation by EC, we will start to replace Module",Closed,156.275,,-,0,-,-,,,,,,
379,25-Jul,21-Jul-25,6:00,21-Jul-25,8:35,KR_BW_15,-,-,-,-,Plant ,Inverter Failure,Inverter 5,The inverters have been continuously shutting down due to defective module insulation resistance.," After reviewing of quotation by EC, we will start to replace Module",Closed,71.75,,-,0,-,-,,,,,,
380,25-Jul,22-Jul-25,6:00,22-Jul-25,13:11,KR_BW_15,-,-,-,-,Plant ,Inverter Failure,Inverter 5,The inverters have been continuously shutting down due to defective module insulation resistance.," After reviewing of quotation by EC, we will start to replace Module",Closed,71.75,,-,0,-,-,,,,,,
381,25-Jul,23-Jul-25,16:58,24-Jul-25,15:42,KR_BW_14,-,-,-,-,Plant ,Inverter Failure,Inverter 2,"Inverter ground fault alarm (AC-side insulation resistance: 300 MΩ, DC-side insulation resistance: 3 MΩ)","Alarm cleared and inverter restarted, and power generation has recovered
A separate insulation inspection will be conducted, and module replacement is also under consideration",Closed,97.65,,-,0,-,-,,,,,,
382,25-Jul,22-Jul-25,12:58,22-Jul-25,14:36,KR_BW_39,-,-,-,-,Plant ,Inverter Failure,Inverter 1,250722 PEBB Over Temp2. Analog alarm occurred,Inverter Production resumed,Closed,-,,-,0,-,-,,,,,,
383,25-Jul,23-Jul-25,11:42,23-Jul-25,14:36,KR_BW_39,-,-,-,-,Plant ,Inverter Failure,Inverter 1,On site Visit,"Fan filter cleaned, but PEBB FAN Failure alarm continued to occur
Scheduled for major repair
Inverter Peoduction resumed",Closed,-,,-,0,-,-,,,,,,
384,25-Jul,24-Jul-25,6:00,24-Jul-25,12:32,KR_DG_ONS_00028,-,-,-,-,Plant ,Inverter Failure,"Inverter 6,7,8", shutdown due to a malfunction of the circuit breaker,Inverter Production resumed,Closed,-,,-,0,-,-,,,,,,
385,25-Jul,16-Jul-25,6:39,16-Jul-25,8:32,KR_IB_49,-,-,-,-,Plant ,Inverter Failure,P4-2-L01.INV_1,INV B] MODULE 1 Gnd-flt,Inverter Production resumed,Closed,4664.4,0.21,-,-806.4526474,-,-,,,,,,
386,25-Jul,17-Jul-25,6:42,17-Jul-25,6:51,KR_IB_49,-,-,-,-,Plant ,Inverter Failure,P2-1-L01.INV_1,INV B] MODULE 1 Gnd-flt,Inverter Production resumed,Closed,2874.69,0.11,-,-253.5709302,-,-,,,,,,
387,25-Jul,17-Jul-25,6:52,17-Jul-25,6:55,KR_IB_49,-,-,-,-,Plant ,Inverter Failure,P2-1-L01.INV_1,INV B] MODULE 1 Gnd-flt,Inverter Production resumed,Closed,2874.69,0.05,-,-108.5728585,-,-,,,,,,
388,25-Jul,17-Jul-25,14:54,17-Jul-25,18:05,KR_IB_49,-,-,-,-,Plant ,Inverter Failure,P6-3-L01.INV_1,INV A] MODULE 1 Gnd-flt,Inverter Production resumed,Closed,4018.56,0,-,-5.029920835,-,-,,,,,,
389,25-Jul,17-Jul-25,15:50,17-Jul-25,16:05,KR_IB_49,-,-,-,-,Plant ,Inverter Failure,P3-1-L02.INV_1,INV A] MODULE 1 Ins fault,Inverter Production resumed,Closed,3974.88,0,-,-0.431555693,-,-,,,,,,
390,25-Jul,17-Jul-25,16:30,17-Jul-25,16:40,KR_IB_49,-,-,-,-,Plant ,Inverter Failure,P6-3-L02.INV_2,INV A] MODULE 1 Ins fault,Inverter Production resumed,Closed,4018.56,0,-,-0.065074035,-,-,,,,,,
391,25-Jul,17-Jul-25,16:50,17-Jul-25,20:16,KR_IB_49,-,-,-,-,Plant ,Inverter Failure,P6-3-L02.INV_2,INV A] MODULE 1 Ins fault,Inverter Production resumed,Closed,4018.56,0,-,-1.386049482,-,-,,,,,,
392,25-Jul,19-Jul-25,7:23,19-Jul-25,16:46,KR_IB_49,-,-,-,-,Plant ,Inverter Failure,P3-1-L01.INV_2,INV B] MODULE 1 Gnd-flt,Inverter Production resumed,Closed,3974.88,1.09,-,-3554.288061,-,-,,,,,,
393,25-Jul,21-Jul-25,6:06,21-Jul-25,6:26,KR_IB_49,-,-,-,-,Plant ,Inverter Failure,P4-2-L02.INV_1,INV B] MODULE 1 No grid,Inverter Production resumed,Closed,4174.04,0.26,-,-904.7310885,-,-,,,,,,
394,25-Jul,21-Jul-25,12:41,21-Jul-25,12:42,KR_IB_49,-,-,-,-,Plant ,Inverter Failure,P4-2-L02.INV_1,INV B] MODULE 1 No grid,Inverter Production resumed,Closed,4174.04,0.02,-,-76.82162288,-,-,,,,,,
395,25-Jul,21-Jul-25,12:56,21-Jul-25,13:04,KR_IB_49,-,-,-,-,Plant ,Inverter Failure,P2-1-L01.INV_2,INV A] MODULE 1 No grid,Inverter Production resumed,Closed,4116.84,0.07,-,-224.2405848,-,-,,,,,,
396,25-Jul,21-Jul-25,13:07,21-Jul-25,13:08,KR_IB_49,-,-,-,-,Plant ,Inverter Failure,P2-1-L01.INV_2,INV A] MODULE 2 No grid,Inverter Production resumed,Closed,4116.84,0.02,-,-78.05575903,-,-,,,,,,
397,25-Jul,21-Jul-25,13:23,21-Jul-25,13:26,KR_IB_49,-,-,-,-,Plant ,Inverter Failure,P2-1-L01.INV_2,INV A] MODULE 2 No grid,Inverter Production resumed,Closed,4116.84,0.03,-,-114.6320635,-,-,,,,,,
398,25-Jul,21-Jul-25,13:28,21-Jul-25,13:30,KR_IB_49,-,-,-,-,Plant ,Inverter Failure,P2-1-L01.INV_2,INV A] MODULE 1 No grid,Inverter Production resumed,Closed,4116.84,0.02,-,-82.46665281,-,-,,,,,,
399,25-Jul,21-Jul-25,14:34,21-Jul-25,14:36,KR_IB_49,-,-,-,-,Plant ,Inverter Failure,P2-1-L01.INV_2,INV A] MODULE 2 No grid,Inverter Production resumed,Closed,4116.84,0.01,-,-35.48293351,-,-,,,,,,
400,25-Jul,23-Jul-25,6:53,23-Jul-25,7:06,KR_IB_49,-,-,-,-,Plant ,Inverter Failure,P6-3-L01.INV_1,INV A] MODULE 1 Gnd-flt,Inverter Production resumed,Closed,4018.56,0.22,-,-713.0900553,-,-,,,,,,
401,25-Jul,26-Jul-25,6:22,26-Jul-25,6:43,KR_IB_49,-,-,-,-,Plant ,Inverter Failure,P3-2-L03.INV_1,INV A] MODULE 1 Gnd-flt,Inverter Production resumed,Closed,4018.56,0.3,-,-988.6121437,-,-,,,,,,
402,25-Jul,26-Jul-25,11:46,26-Jul-25,12:06,KR_IB_49,-,-,-,-,Plant ,Inverter Failure,P2-1-L02.INV_2,INV B] MODULE 1 No grid,Inverter Production resumed,Closed,3974.88,0.26,-,-846.1978781,-,-,,,,,,
403,25-Jul,26-Jul-25,12:06,26-Jul-25,12:08,KR_IB_49,-,-,-,-,Plant ,Inverter Failure,P2-1-L02.INV_2,INV B] MODULE 1 No grid,Inverter Production resumed,Closed,3974.88,0.05,-,-147.7468528,-,-,,,,,,
404,25-Jul,27-Jul-25,11:33,27-Jul-25,12:01,KR_IB_49,-,-,-,-,Plant ,Inverter Failure,P2-1-L02.INV_2,INV B] MODULE 1 No grid,Inverter Production resumed,Closed,3974.88,0.36,-,-1188.757226,-,-,,,,,,
,,,,,,,,,-,,,,,,,,,,,,,,,,,,,
